mean_fit_time,std_fit_time,mean_score_time,std_score_time,param_model__n_estimators,param_model__min_samples_split,param_model__min_samples_leaf,param_model__max_features,param_model__max_depth,param_model__class_weight,params,split0_test_average_precision,split1_test_average_precision,split2_test_average_precision,split3_test_average_precision,split4_test_average_precision,mean_test_average_precision,std_test_average_precision,rank_test_average_precision,split0_train_average_precision,split1_train_average_precision,split2_train_average_precision,split3_train_average_precision,split4_train_average_precision,mean_train_average_precision,std_train_average_precision,split0_test_roc_auc,split1_test_roc_auc,split2_test_roc_auc,split3_test_roc_auc,split4_test_roc_auc,mean_test_roc_auc,std_test_roc_auc,rank_test_roc_auc,split0_train_roc_auc,split1_train_roc_auc,split2_train_roc_auc,split3_train_roc_auc,split4_train_roc_auc,mean_train_roc_auc,std_train_roc_auc,split0_test_accuracy,split1_test_accuracy,split2_test_accuracy,split3_test_accuracy,split4_test_accuracy,mean_test_accuracy,std_test_accuracy,rank_test_accuracy,split0_train_accuracy,split1_train_accuracy,split2_train_accuracy,split3_train_accuracy,split4_train_accuracy,mean_train_accuracy,std_train_accuracy,split0_test_balanced_accuracy,split1_test_balanced_accuracy,split2_test_balanced_accuracy,split3_test_balanced_accuracy,split4_test_balanced_accuracy,mean_test_balanced_accuracy,std_test_balanced_accuracy,rank_test_balanced_accuracy,split0_train_balanced_accuracy,split1_train_balanced_accuracy,split2_train_balanced_accuracy,split3_train_balanced_accuracy,split4_train_balanced_accuracy,mean_train_balanced_accuracy,std_train_balanced_accuracy,split0_test_precision,split1_test_precision,split2_test_precision,split3_test_precision,split4_test_precision,mean_test_precision,std_test_precision,rank_test_precision,split0_train_precision,split1_train_precision,split2_train_precision,split3_train_precision,split4_train_precision,mean_train_precision,std_train_precision,split0_test_recall,split1_test_recall,split2_test_recall,split3_test_recall,split4_test_recall,mean_test_recall,std_test_recall,rank_test_recall,split0_train_recall,split1_train_recall,split2_train_recall,split3_train_recall,split4_train_recall,mean_train_recall,std_train_recall,split0_test_f1,split1_test_f1,split2_test_f1,split3_test_f1,split4_test_f1,mean_test_f1,std_test_f1,rank_test_f1,split0_train_f1,split1_train_f1,split2_train_f1,split3_train_f1,split4_train_f1,mean_train_f1,std_train_f1
470.49675621986387,1.8025626887989472,1.5729997158050537,0.08042639350249024,400,10,1,0.5,24,balanced_subsample,"{'model__n_estimators': 400, 'model__min_samples_split': 10, 'model__min_samples_leaf': 1, 'model__max_features': 0.5, 'model__max_depth': 24, 'model__class_weight': 'balanced_subsample'}",0.7105835574934214,0.6831365582904262,0.6779236455731598,0.6991205245379987,0.7182407987310518,0.6978010169252115,0.015447170374584424,24,0.9660488756584306,0.9650538810021618,0.9589619103764457,0.968284563731722,0.9626800706759164,0.9642058602889353,0.0031805254655277535,0.8885661811934938,0.8815407263925811,0.879079604163902,0.883379079108441,0.8878924008329191,0.8840915983382673,0.003649731723611255,24,0.9901201741312659,0.9898480918150281,0.9886416633663113,0.9904688407446451,0.9890899548566461,0.9896337449827793,0.0006722910749805376,0.8325297332047573,0.8243330118932819,0.8204757312761171,0.8240115718418515,0.8223758238225366,0.8247451744077088,0.0041267268670700345,10,0.9507373327440028,0.9500944268091774,0.9475629846908025,0.9472415317233898,0.9470829315332691,0.9485438415001284,0.001549713999669077,0.7825792232363138,0.7629786965237224,0.7741910971861781,0.7790379917729839,0.7726016870408301,0.7742777391520056,0.006664227859893934,16,0.95939889684614,0.9591478907055491,0.9574253283624783,0.9575576996719075,0.9575111534096454,0.958208193799144,0.0008743786626079183,0.6410256410256411,0.6310615989515073,0.6125748502994012,0.6191616766467066,0.6184935701163503,0.6244634674079214,0.01022671805136489,10,0.8432933005353784,0.8410500504831963,0.8335716328281384,0.8320501853435985,0.8315054835493519,0.8362941305479327,0.004898190681312662,0.6865371734762223,0.6450100468854655,0.6851975887474883,0.6925653047555258,0.6769436997319035,0.6772507627193212,0.016872952981646084,16,0.9760509127449338,0.9765533411488863,0.9763858650142355,0.9773907218221404,0.977561955793704,0.97678855930478,0.0005869164414370716,0.6630012936610608,0.6379595892679695,0.6468542522921277,0.653809674359785,0.6464,0.6496049619161886,0.008373699294672753,14,0.9048284427883869,0.9037507749535028,0.8993443887389124,0.898883326915672,0.8986377280073886,0.9010889322807726,0.0026452173762013514
96.84692974090576,4.3700146900837975,1.3762008190155028,0.12358991427127806,200,10,1,sqrt,,balanced,"{'model__n_estimators': 200, 'model__min_samples_split': 10, 'model__min_samples_leaf': 1, 'model__max_features': 'sqrt', 'model__max_depth': None, 'model__class_weight': 'balanced'}",0.7161068704652824,0.6888146678574762,0.6862816871673897,0.7012939774368773,0.7328537602733196,0.7050701926400691,0.017465650362721526,17,0.9704670616482711,0.9710395849148127,0.9706689312439873,0.9708045044278585,0.9700450100808251,0.970605018463151,0.00033626446901996503,0.8932293750620539,0.8848632732691943,0.8834314840936,0.8868072149483944,0.8937719291780738,0.8884206553102633,0.00428742122670918,12,0.9903935844988989,0.990610782877798,0.9904476096296688,0.9904767647846385,0.9901944341798344,0.9904246351941677,0.0001355381360997154,0.8344583735133397,0.8270652523304404,0.8249758919961427,0.8277081324333012,0.8305738627230349,0.8289563025992518,0.003282284373706507,7,0.946236991200225,0.9466789890304175,0.945553903644473,0.9442680917748222,0.9428238508518161,0.9451123653003506,0.001404574355644206,0.7882021365087544,0.7711927530420739,0.7810473688660851,0.7878864318819466,0.78992222990084,0.7836501840399399,0.006927724882446313,15,0.9497337062171114,0.949623327438792,0.9487686024143125,0.9493553930697463,0.9478343250386628,0.9490630708357249,0.0006993739271030506,0.6424615384615384,0.6332268370607029,0.6205250596658711,0.6236054022313564,0.6298932384341637,0.6299424151707265,0.007698864996503037,9,0.8412137280895566,0.8432879952690716,0.8400117855038303,0.8336244541484716,0.8302599099753158,0.8376795745972492,0.00491689446720494,0.6992632283991963,0.6637642330877428,0.696584058941728,0.7113194909578031,0.7117962466487936,0.6965454516070528,0.01750916946614923,15,0.9564562049907888,0.9552838720482332,0.9549489197789315,0.9591358231452018,0.9574681848626926,0.9566586009651695,0.0015261657380806043,0.6696600384862091,0.6481360366252452,0.6563584727043231,0.6645807259073843,0.6683448709880428,0.6614160289422409,0.008098455696946985,4,0.895141065830721,0.8957989791912053,0.89380045458108,0.8919866054045635,0.8893382067034762,0.8932130623422092,0.0023352899556518215
290.65639719963076,32.14020464797295,1.4489033222198486,0.08238376012766396,400,10,10,0.5,16,balanced_subsample,"{'model__n_estimators': 400, 'model__min_samples_split': 10, 'model__min_samples_leaf': 10, 'model__max_features': 0.5, 'model__max_depth': 16, 'model__class_weight': 'balanced_subsample'}",0.7181943543776687,0.6971117778926622,0.689164967957483,0.705009623121208,0.7293487472815775,0.7077658941261198,0.014433807608859156,11,0.840140448661982,0.8407552446826094,0.8395627324888354,0.8412397685013349,0.8380867704432433,0.839956992955601,0.0010926617480256395,0.8916164345999239,0.8846198025408485,0.8836962000861992,0.8860534329726784,0.8915075794382615,0.8874986899275823,0.0034018437806709037,14,0.9452495938022002,0.9457492332982219,0.9454377786849452,0.9456453354107126,0.9448858187436201,0.94539355198794,0.0003067171641183597,0.8076181292189006,0.8106718097074895,0.7984570877531341,0.8040822886531662,0.8053367625783636,0.8052332155822108,0.004062447101105094,15,0.8558283441154017,0.858721420822116,0.8578776067826576,0.8591634186523084,0.857441337190614,0.8578064255126195,0.0011601559436258248,0.8030866394623419,0.7963872286501736,0.7975183265190329,0.8023647253830061,0.7976378707161391,0.7993989581461387,0.00276056108800329,11,0.8726674813583196,0.8753729079781856,0.8755627927667167,0.8765232483896315,0.874191068859159,0.8748634998704026,0.0013249855163348795,0.571290944123314,0.5795053003533569,0.555919513336453,0.5648674242424242,0.5683698296836983,0.5679906023478493,0.007734206756538566,15,0.6414243323442137,0.6464622360100226,0.6443996203132416,0.6467857142857143,0.6442513687217329,0.644664654334985,0.0019220265257117294,0.7943737441393168,0.768921634293369,0.7957133288680509,0.7990622906898861,0.7828418230563002,0.7881825642093846,0.011071752443524483,11,0.9050410316529894,0.9073856975381008,0.9095628872885614,0.909897839557863,0.9063965170797053,0.907656794623444,0.0018525377556548853,0.6646119361165592,0.66090961427749,0.6545454545454545,0.6618585298196948,0.6585847194812517,0.66010205084809,0.003383917822648866,10,0.7507641011392053,0.7550167224080268,0.7543579415237169,0.7561060469000069,0.7531654375956588,0.753882049913323,0.0018273070274975537
69.17149410247802,1.068931182199885,0.49860076904296874,0.029295832897240828,100,10,10,0.5,24,balanced,"{'model__n_estimators': 100, 'model__min_samples_split': 10, 'model__min_samples_leaf': 10, 'model__max_features': 0.5, 'model__max_depth': 24, 'model__class_weight': 'balanced'}",0.7158417945564327,0.6944365344591273,0.6863892504661714,0.7037883891084061,0.7243440725250937,0.7049600082230463,0.013792349022161483,18,0.8673157512209995,0.8698578729222045,0.8689198504056955,0.8686275242757417,0.866887281183567,0.8683216560016417,0.0010844934227197157,0.8905926961330928,0.8836248159983072,0.882840440842066,0.8858632170400617,0.890269000752303,0.8866380341531661,0.0032534538565520735,15,0.9536104387531206,0.9544942303958099,0.954106970608877,0.9542266988690208,0.9534009914739923,0.9539678660201641,0.0004031141249127849,0.8148505303760849,0.8106718097074895,0.7999035679845709,0.8068145290903247,0.8109628677061566,0.8086406609729252,0.0050547450744401964,14,0.8710973600675052,0.8731466227347611,0.8695302768513682,0.8711777233093583,0.8721070395371263,0.8714118045000238,0.0011988962976014852,0.8037195358844552,0.7885955988027302,0.7915949343924995,0.7993496682976893,0.797897590986424,0.7962314656727598,0.005447462562255519,12,0.8826545827919459,0.8843464804282941,0.883342871988701,0.883796251027779,0.8843546085298036,0.8836989589533047,0.0006443827540005273,0.5854636591478697,0.5823314166231051,0.5599613152804642,0.570871894788115,0.5793969849246231,0.5756050541528355,0.009208085001631724,14,0.6717642670645282,0.6757871064467766,0.6672807663964628,0.6711226636960019,0.6731222842954686,0.6718154175798475,0.0027758890014501557,0.78231748158071,0.7461486939048895,0.7756195579370395,0.7849966510381782,0.7727882037533512,0.7723741176428336,0.01383239701543122,12,0.9048735555183386,0.9058784123262436,0.909897839557863,0.9080556020767041,0.9079035498995311,0.9073217918757361,0.0017657942833445885,0.6697247706422018,0.6541397533763946,0.6503791069924179,0.6610265087422448,0.6622630672027571,0.6595066413912032,0.006729538120465352,13,0.7710860568003425,0.7740966010733452,0.7699284347764472,0.7718149466192171,0.7730804876309973,0.7720013053800698,0.001464520430910921
5.385413646697998,0.2779450939674789,0.3978020191192627,0.050853644910288466,100,2,1,log2,8,,"{'model__n_estimators': 100, 'model__min_samples_split': 2, 'model__min_samples_leaf': 1, 'model__max_features': 'log2', 'model__max_depth': 8, 'model__class_weight': None}",0.7113166417423445,0.6940555472745755,0.6782078223390807,0.7036080243974994,0.7283851973961458,0.7031146466299292,0.016784123801133727,19,0.7269081085371116,0.7317838370325394,0.7271160216958789,0.7286292849844711,0.7227374807851547,0.7274349466070311,0.002925226442225309,0.887852694402312,0.8834657597865955,0.8794132964477777,0.8844273912642591,0.8890314141765173,0.8848381112154922,0.0034103418039823524,22,0.8974749147913372,0.8985798712597601,0.8973994017889879,0.8980784344675163,0.8965385152917039,0.8976142275198612,0.0006885740122076107,0.8320475731276117,0.8206364513018322,0.8233686917389906,0.8312439729990356,0.8360392219900338,0.8286671822315007,0.005744223258814201,8,0.8342508136778237,0.8322417326314944,0.8332060915337325,0.8335275445011452,0.8331726133076182,0.8332797591303628,0.0006478812666833743,0.6979290966216205,0.6741514676865904,0.6835113521236836,0.7022129208881597,0.6983202015741103,0.6912250077788329,0.0106491978247216,23,0.7031754665063845,0.6917680805078213,0.696585759591745,0.699490575421296,0.7017056547953323,0.6985451073645158,0.004051921331974246,0.7586605080831409,0.7371069182389937,0.7334123222748815,0.7426067907995619,0.7871046228710462,0.7517782324535248,0.01965700403040452,2,0.7605872388481084,0.7771604938271605,0.7706722189173111,0.7650812064965197,0.7569169960474308,0.7660836308273061,0.007197143976506778,0.44005358338914935,0.3924983255190891,0.4146014735432016,0.45411922304085733,0.4336461126005362,0.4269837436185667,0.021420115729254275,23,0.45118070674928823,0.42170490705074526,0.43393066488025456,0.44180204320884275,0.4489283322170127,0.43950933082122867,0.01075466552636695,0.5570156846121238,0.5122377622377622,0.5297389816003423,0.5635910224438903,0.5592048401037165,0.5443576581995669,0.0199798907175219,23,0.5663828445285399,0.5467375963521875,0.5552341155041252,0.5601443890009555,0.5635904982131595,0.5584178887197935,0.006924490665869331
40.564240026473996,0.49535601283207525,0.8647992610931396,0.043783305462602645,200,10,10,sqrt,,balanced_subsample,"{'model__n_estimators': 200, 'model__min_samples_split': 10, 'model__min_samples_leaf': 10, 'model__max_features': 'sqrt', 'model__max_depth': None, 'model__class_weight': 'balanced_subsample'}",0.723569270652195,0.700396221266298,0.6959747378626412,0.7151387431310302,0.7392871908003783,0.7148732327425085,0.015738296535211464,2,0.788585120409173,0.7919587614626763,0.7913788888199637,0.7899035304386036,0.7853335629337763,0.7894319728128385,0.002362694730368488,0.8952413015868655,0.8876012212910974,0.886492785037442,0.8901777053046733,0.8959377056856984,0.8910901437811554,0.003869671796927495,2,0.9242247252075737,0.9252977995888283,0.9247187337656785,0.9249886115165997,0.923537966420302,0.9245535672997963,0.0006180626829231729,0.7965284474445516,0.8026358084217293,0.7923497267759563,0.7945998071359691,0.8005143867545411,0.7973256353065495,0.00377336422090219,16,0.8215534214650219,0.8223570538835536,0.8216337847068751,0.8228392333346727,0.8226052716168435,0.8221977530013934,0.0005169465304969714,0.8095411631952141,0.8041631370020694,0.8077088299708926,0.8082723960139919,0.8125877663178029,0.8084546584999941,0.002730190808794971,5,0.8436449190400391,0.8422251878298503,0.8430101193266575,0.8443761529920875,0.8431958748212034,0.8432904508019675,0.0007108744656243813,0.5501103752759382,0.5617715617715617,0.5437146585471945,0.5472112428634168,0.5559518502006242,0.5517519377317471,0.0064178286751752096,16,0.5845117101193107,0.5864569388665775,0.5848659428318191,0.5866237799467613,0.5866251251808168,0.585816699389057,0.0009297067173325312,0.8345612860013396,0.8070997990622907,0.8372404554588078,0.8345612860013396,0.8357908847184986,0.8298507422484553,0.011418204890887492,8,0.8861162284374476,0.88042203985932,0.8841065148216379,0.8857812761681461,0.882786336235767,0.8838424791044636,0.002088704255377011,0.6631186801490154,0.662451896646509,0.6592827004219409,0.6610079575596817,0.6677376171352075,0.662719770382471,0.0028338463059261114,3,0.7043866072022898,0.7039839303649146,0.7040074681602987,0.7058117034763461,0.7048599505314527,0.7046099319470603,0.0006799233247916224
66.21694626808167,0.6875351110323648,1.0725133895874024,0.07928008330100707,200,2,1,log2,24,,"{'model__n_estimators': 200, 'model__min_samples_split': 2, 'model__min_samples_leaf': 1, 'model__max_features': 'log2', 'model__max_depth': 24, 'model__class_weight': None}",0.7148235945388938,0.6903451834741727,0.6885562555136683,0.7063861357579887,0.7387176952920882,0.7077657729153624,0.018342411176587064,12,0.9891066127013541,0.9878903340553121,0.987742783176127,0.987891628598059,0.9887613927292018,0.9882785502520107,0.0005488698969827999,0.8917029736429835,0.884237033696547,0.8832664083903498,0.8875709821983098,0.8945959475417494,0.888274669093988,0.004326480866020801,13,0.9967434054899662,0.9963582705852658,0.9964178204098411,0.9963399788907116,0.9965773613721721,0.9964873673495914,0.0001528924868172325,0.8384763741562199,0.8310832529733205,0.8365477338476374,0.8383156541305047,0.8424690564217971,0.8373784143058959,0.0036964214505607563,3,0.9731988588419657,0.9708281432072969,0.9716317756258287,0.9705870534817375,0.9716329154612665,0.9715757493236191,0.000914037832400429,0.7392831451262585,0.7259404109995514,0.743285186371248,0.7460523820402734,0.7498037747807862,0.7408729798636234,0.008220866528143094,18,0.9558943197258589,0.9525010200320085,0.9538892542899335,0.9535458379064046,0.9548126330573196,0.9541286130023051,0.001151658104804892,0.7121739130434782,0.696969696969697,0.6970198675496688,0.7010734929810074,0.7144053601340034,0.7043284661355709,0.007500090359506763,8,0.964123206160308,0.9593624102294622,0.9603077461094597,0.9550112906027445,0.9577538247566064,0.959311695571716,0.003002191438536453,0.5485599464166109,0.5237776289350301,0.5639651707970529,0.5686537173476223,0.57171581769437,0.5553344562381373,0.017674661446375434,18,0.9226260257913247,0.9172667894824987,0.919778931502261,0.9207837883101658,0.9224715338245144,0.9205854137821529,0.0019710190029308718,0.619750283768445,0.5980879541108987,0.6234727878563495,0.6279585798816568,0.6351451973194341,0.6208829605873569,0.01249862606305807,18,0.942918271287976,0.9378424657534247,0.939606501283148,0.9375852660300137,0.9397816444899352,0.9395468297688995,0.0019067199877453353
62.114960241317746,0.6039718221501564,1.7046178340911866,0.1380729394518423,400,10,1,log2,16,,"{'model__n_estimators': 400, 'model__min_samples_split': 10, 'model__min_samples_leaf': 1, 'model__max_features': 'log2', 'model__max_depth': 16, 'model__class_weight': None}",0.7256301515307623,0.6993989700662344,0.6950012600067563,0.714047991028375,0.7435231325438649,0.7155203010351985,0.017717018390459374,1,0.8266359444743282,0.8290713659195791,0.8276529934143284,0.8274533506980841,0.8227660980476847,0.8267159505108008,0.002124971794326838,0.8950890438597152,0.8872006772423705,0.8866759192153075,0.8896154139774294,0.8968714230885013,0.8910904954766646,0.004152169267201498,1,0.9411394872212947,0.9420093520316831,0.9415457204358317,0.9418121718141527,0.9402094262546425,0.9413432315515209,0.0006374401015949475,0.8405657344905175,0.8302796528447445,0.8351012536162006,0.8379942140790743,0.8453624819160906,0.8378606673893254,0.005073432562491383,2,0.8710169968256519,0.8712982681721381,0.8698517298187809,0.8705749989954594,0.868932819029251,0.8703349625682562,0.0008544315414654927,0.7294285293022476,0.7139534788199586,0.727896179209186,0.7346118072397345,0.7402374233027971,0.7292254835747848,0.008778584237703096,19,0.7804834631217303,0.7791785508083601,0.7753043991188964,0.7779004872673692,0.7775950488336563,0.7780923898300024,0.001729395502638239,0.7410972088546679,0.7127555988315482,0.7140238313473877,0.7174887892376681,0.7462825278810409,0.7263295912304625,0.014353027465299515,6,0.80807855389422,0.812980551786522,0.8135904499540864,0.8116500453309157,0.8024553571428571,0.8097509916217203,0.004118282033469817,0.5157401205626256,0.4902880107166778,0.521768251841929,0.535833891493637,0.5382037533512064,0.5203668055932151,0.017236540364919298,19,0.6064310835705912,0.6020767040696701,0.5935354212024786,0.5997320381845587,0.6019758874748827,0.6007502269004362,0.004210084264038365,0.608214849921011,0.580952380952381,0.6029411764705882,0.6134969325153374,0.6253894080996885,0.6061989495918012,0.014653330136229995,19,0.6928817451205511,0.691811796401424,0.6863561537716665,0.689781373398825,0.6879066207424417,0.6897475378869816,0.0024073232101212245
19.2989990234375,0.474408506137571,0.4646004199981689,0.012909320619546048,100,10,10,sqrt,,balanced,"{'model__n_estimators': 100, 'model__min_samples_split': 10, 'model__min_samples_leaf': 10, 'model__max_features': 'sqrt', 'model__max_depth': None, 'model__class_weight': 'balanced'}",0.7235609215768951,0.6969649768104733,0.6969687319754221,0.712416780054911,0.7402484907535941,0.7140319802342592,0.01651152364593521,4,0.7887700688257524,0.793155398635014,0.7921347035313115,0.7901261094576597,0.7858868350695634,0.7900146231038603,0.0025674575194258287,0.8949292794725282,0.8864760720962293,0.8867308736321768,0.8894101847247399,0.8960736247793971,0.8907240069410143,0.004050158539235506,6,0.9240314671684978,0.9254597333223216,0.9248795873507036,0.9249098669225213,0.9235194033706603,0.924560011626941,0.0006922790315751348,0.7955641272902604,0.8036001285760206,0.7907425265188043,0.7934747669559628,0.8001928950329529,0.7967148888748001,0.004625901143866133,17,0.8209105155301964,0.8224374171254069,0.8234419576485715,0.8230803230602323,0.8222436515589843,0.8224227729846783,0.0008706699748598723,0.808219282853358,0.8045683550089322,0.8039015369815606,0.8061572883224555,0.813064475255922,0.8071821876844456,0.0032961214314723153,7,0.8421331937096828,0.8422780531290679,0.8435119235464539,0.8437324730417076,0.8431871465584726,0.8429685579970769,0.0006482628695573423,0.5487858719646799,0.5634066448291998,0.5417943107221006,0.545774647887324,0.5553087516659263,0.551014045413846,0.007608423926251111,17,0.5838316722037652,0.586587815219817,0.5880317070447695,0.5872856824760633,0.5859617947578853,0.58633973434046,0.0014319460632077582,0.8325519089082385,0.8064300066979236,0.8292029470864032,0.8305425318151373,0.8378016085790885,0.8273058006173581,0.010840276770521596,9,0.8829341818790822,0.88042203985932,0.8820968012058281,0.8834366102830347,0.883456128600134,0.8824691523654797,0.0011362802785847281,0.6615220862160723,0.6633608815426997,0.6553732133403918,0.6586985391766268,0.667913438418381,0.6613736317388343,0.004240316334741178,5,0.702886474235051,0.7040782160316078,0.7056538049303323,0.7055440379856885,0.7045940170940171,0.7045513100553393,0.0010196395292493578
15.609640836715698,0.3651178506659239,0.6936015129089356,0.016390561227311386,200,2,3,sqrt,8,balanced,"{'model__n_estimators': 200, 'model__min_samples_split': 2, 'model__min_samples_leaf': 3, 'model__max_features': 'sqrt', 'model__max_depth': 8, 'model__class_weight': 'balanced'}",0.7089692203758174,0.6874367418679577,0.6809173414497512,0.6951266236812722,0.7292307095669012,0.7003361273883398,0.017204938226045404,23,0.7243975556137516,0.7288043934664696,0.7299322264220117,0.7211889502556779,0.7204133154632196,0.7249472882442262,0.003865516496197726,0.8883718578431213,0.8830460241824929,0.8805836272379585,0.8844736351227843,0.8905706022448903,0.8854091493262495,0.003610081680012645,20,0.8974391680746079,0.8984944598476765,0.8987131456441384,0.8981169213969586,0.8967184803843185,0.89789643506954,0.0007307440541796118,0.7693667630986821,0.78351012536162,0.7701703632272581,0.7701703632272581,0.7754380324706639,0.7737311294770965,0.005346925935450908,23,0.7831799734801302,0.7831799734801302,0.7859123237031382,0.7803270783943425,0.7824252651880425,0.7830049228491567,0.0017900345863032308,0.8026726400795876,0.8048727996456857,0.8006804716505318,0.8020554651530218,0.8119217060666687,0.8044406165190991,0.003977608835369364,8,0.8184017386636382,0.8178859899041887,0.8191676613181373,0.8162957988705472,0.8168778080042808,0.8177257993521584,0.0010320379448628726,0.5114624505928854,0.530672268907563,0.5125848981222533,0.5125248508946322,0.5187229010642491,0.5171934739163166,0.007209669921970397,23,0.5287298890776456,0.5287816598258084,0.5324649096233465,0.5250248262164846,0.527875087578821,0.5285752744644212,0.0023787268317992153,0.8667113194909578,0.8459477561955794,0.8593436034829203,0.8633623576691226,0.8820375335120644,0.8634805140701289,0.011656128543087233,1,0.8861162284374476,0.8846089432255904,0.8831016580137331,0.8854463238988444,0.8831212324179505,0.8844788771987133,0.0012143904975037507,0.6433010191399453,0.6522075910147173,0.6421421421421422,0.6432135728542914,0.6532638371804418,0.6468256324663076,0.004854295275641569,15,0.6622856427587933,0.6619047619047619,0.6643568098777876,0.6591858362944953,0.6607780492388649,0.6617022200149407,0.0017096509179935656
130.48784651756287,1.8858918674043483,2.4066187381744384,0.14970538133257127,400,10,3,sqrt,24,balanced_subsample,"{'model__n_estimators': 400, 'model__min_samples_split': 10, 'model__min_samples_leaf': 3, 'model__max_features': 'sqrt', 'model__max_depth': 24, 'model__class_weight': 'balanced_subsample'}",0.7243310249171038,0.697401436223156,0.6921608201276552,0.7120367780859098,0.7404005419394275,0.7132661202586504,0.01764846809439292,6,0.8648104744899483,0.8657682473649002,0.864787091892291,0.865064809606405,0.8630193804678026,0.8646900007642694,0.0009075252261619244,0.8956487857552485,0.8874301260963088,0.8860156164023071,0.8896451573473843,0.8966051832370796,0.8910689737676657,0.004299515771964619,3,0.9543954145183073,0.9547593448690592,0.9545703277407732,0.9546699935711689,0.9541690520377255,0.954512826547407,0.0002101169396269551,0.8129218900675024,0.8158148505303761,0.805528768884603,0.8072966891674702,0.8116058511493329,0.8106336099598568,0.003747563886297745,13,0.8647486639611042,0.867601559046892,0.8646281190983244,0.8659942942098284,0.866923818707811,0.8659792910047919,0.0011716842338986833,0.8065757492107031,0.8016039324700863,0.8023996384339294,0.8028751782654715,0.8063491649550404,0.8039607326670462,0.0020838844041727103,9,0.8830626575710847,0.884824764857876,0.8826395271159586,0.8838820697089573,0.8847260288621164,0.8838270096231987,0.0008719095684629059,0.5805188448360254,0.5882951653944021,0.5675417661097852,0.5707410972088547,0.5778210116731517,0.5769835770444438,0.007338498406868262,13,0.6557828011003468,0.6614771904417089,0.6557710727969349,0.6582232893157263,0.6599326599326599,0.6582374027174754,0.002257351239289179,0.7943737441393168,0.7742799732083054,0.796383121232418,0.7943737441393168,0.7962466487935657,0.7911314463025845,0.008470448890864643,10,0.9182716462904036,0.917936694021102,0.9172667894824987,0.9182716462904036,0.9189551239115874,0.9181403799991991,0.0005482549935439056,0.670814479638009,0.6685945633314054,0.6627647714604237,0.6642397087650518,0.6696730552423901,0.667217315687456,0.003148280463987238,1,0.7651409433435669,0.768885459774146,0.7647839139845004,0.7667995245087756,0.7681970884658454,0.7667613860153669,0.0016192970999278264
35.850851488113406,4.038768820387322,1.6116013526916504,0.19548077216570867,400,10,3,sqrt,8,balanced,"{'model__n_estimators': 400, 'model__min_samples_split': 10, 'model__min_samples_leaf': 3, 'model__max_features': 'sqrt', 'model__max_depth': 8, 'model__class_weight': 'balanced'}",0.7089603125230131,0.6837841512937951,0.6825122913316598,0.7017334332085424,0.7292747841424096,0.7012529944998839,0.017327600557669787,22,0.7223186449335728,0.7271020615844345,0.7298871993107472,0.7262857482639302,0.7194917858150215,0.7250170879815412,0.003673830619672337,0.8883994766866509,0.8830288155184475,0.8806353240476421,0.8850437163802545,0.8909872885175436,0.8856189242301078,0.0036993676506567315,19,0.8968859328511007,0.8983583390064739,0.898720038230881,0.8984429712950721,0.8965505454225874,0.8977915653612231,0.0008908338404862285,0.7700096432015429,0.7839922854387656,0.7658309225329476,0.7711346833815493,0.7762417617746343,0.773441859265888,0.006231861232637805,24,0.783501426447543,0.784666693454414,0.7838228794149557,0.7844657853497811,0.7818627450980392,0.7836639059529465,0.000994429074063792,0.8026372313058316,0.8042733291059978,0.79805491107653,0.8010856896573946,0.8124503590588446,0.8037003040409196,0.004831741182615724,10,0.8179255348479093,0.8186920816865644,0.8182516068802128,0.8179295588436377,0.816736916493506,0.8179071397503659,0.0006488535910358441,0.5122918318794607,0.5314478682988603,0.5071090047393365,0.5138276553106212,0.5197472353870458,0.5168847191230649,0.008322068941988803,24,0.5292230576441103,0.530766137140559,0.5296359442382911,0.5305670258837748,0.5271147508239289,0.5294613831461328,0.0013052802553240026,0.8653717347622237,0.8432685867381112,0.8600133958472873,0.8586738111185532,0.8820375335120644,0.861873012395648,0.012479316380458455,2,0.8841065148216379,0.8841065148216379,0.8844414670909395,0.882264277340479,0.8837910247823175,0.8837419597714025,0.0007669503245121371,0.6435865504358655,0.6519937856033143,0.6380124223602485,0.6429287863590772,0.6540755467196819,0.6461194182956375,0.006002118053012095,16,0.6621096199673899,0.663315951498398,0.6625266591393802,0.6626415094339623,0.6603690960275258,0.6621925672133313,0.0009906650488962483
17.829014921188353,0.8640737975451764,0.6382009506225585,0.08691481205230465,100,10,10,log2,,balanced,"{'model__n_estimators': 100, 'model__min_samples_split': 10, 'model__min_samples_leaf': 10, 'model__max_features': 'log2', 'model__max_depth': None, 'model__class_weight': 'balanced'}",0.7238970540905453,0.696910904635926,0.6896540122787016,0.7104260976920664,0.7415047165219742,0.7124785570438428,0.018657032151313997,9,0.7575855377913985,0.7633110455176138,0.764590999284703,0.7614515001248687,0.7575470848813911,0.760897233519995,0.002897185870916781,0.8941729480651017,0.8867261996740411,0.885333076879388,0.8885705718814396,0.896760306749127,0.8903126206498195,0.004408350922441246,10,0.9121742170402166,0.9138636445009694,0.9137656387348182,0.913358272249757,0.9124581539111754,0.9131239852873871,0.0006868910283960838,0.7907425265188043,0.797653487624558,0.7884924461587914,0.7907425265188043,0.794727535765954,0.7924717045173825,0.0032788492181798166,20,0.8062040422710652,0.8099409330172379,0.8088158476312934,0.8091373005987061,0.8070556091288975,0.80823074652944,0.001384008631765555,0.8126098291639974,0.8040938066230554,0.8081504481971764,0.8089431798240241,0.8154337760790332,0.8098462079774574,0.003889465304457105,1,0.8320577060288469,0.8325102528223838,0.8328016361522363,0.8320962106656409,0.8322789426713539,0.8323489496680925,0.0002773245754939367,0.5404489623041084,0.5530852994555354,0.5376756066411239,0.541004723057106,0.5459991442019684,0.5436427471319684,0.005431033045719816,20,0.5611809848646344,0.5673066493112051,0.5653344823871593,0.5660499837715027,0.5625668449197861,0.5644877890508575,0.0022684045229648428,0.854655056932351,0.8164768921634293,0.8459477561955794,0.8439383791024783,0.8552278820375335,0.8432491932862745,0.01412866615069843,3,0.8817618489365265,0.8759001842237482,0.8789147546474627,0.8762351364930497,0.8807769591426657,0.8787177766886906,0.0023514990191177273,0.6621691748832382,0.6594536110359751,0.6574700676730869,0.6593406593406593,0.666492556803343,0.6609852139472605,0.0031349388987076377,6,0.6858594411515665,0.6886109282422647,0.688081814606005,0.6877875640857105,0.6865944393682287,0.6873868374907551,0.0010102284418988612
7.255810832977295,0.24706978552278047,0.560399055480957,0.039286214360218084,100,10,3,log2,8,,"{'model__n_estimators': 100, 'model__min_samples_split': 10, 'model__min_samples_leaf': 3, 'model__max_features': 'log2', 'model__max_depth': 8, 'model__class_weight': None}",0.7104695886085379,0.6914098439879754,0.678344617036007,0.7014846297122503,0.7288091567650604,0.7021035672219662,0.017102077890536083,21,0.7226197676508693,0.7254658888537153,0.7224315573025264,0.7223346076244344,0.7174062568554666,0.7220516156574024,0.0025993790278667837,0.8872927400541356,0.8823833135728769,0.8796700100575081,0.8837800480624531,0.8897615363988216,0.884577529629159,0.0035715711706986227,23,0.8937928347483691,0.8945738662009115,0.8945809978369054,0.8947830475762194,0.893290610110168,0.8942042712945147,0.0005687815148413459,0.8318868531018965,0.8207971713275474,0.8249758919961427,0.8285117325618772,0.8323420671917698,0.8277027432358468,0.004354473720967356,9,0.8326837304616869,0.8323220958733475,0.830031743480532,0.8315184634548157,0.8283911925425909,0.8309894451625945,0.0015871061800822753,0.696219206936947,0.675861357371264,0.6836519957730423,0.6974363481260332,0.6878597462352254,0.6882057308885023,0.008033179437557362,24,0.6996231547921106,0.694743522110586,0.6909446443742202,0.6952463666373091,0.6888779235785183,0.6938871222985489,0.003721109585315167,0.7620164126611958,0.7339108910891089,0.7445520581113801,0.7356194690265486,0.7896774193548387,0.7531552500486144,0.020805061562053393,1,0.7586601774978529,0.7691616766467065,0.7624359360868255,0.7617785630153121,0.7559434246163106,0.7615959555726015,0.0044395708628102385,0.43536503683858,0.3971868720696584,0.41192230408573344,0.4454119223040857,0.4101876675603217,0.42001476057167586,0.01768512882635398,24,0.4438117568246525,0.43024618991793667,0.42354714453190423,0.43326076034165134,0.420629604822505,0.4302990912877299,0.008129626873938194,0.5541346973572038,0.5154280747501087,0.5304010349288486,0.5548602419691281,0.5399205999117777,0.5389489297834134,0.014906499676699715,24,0.5600169061707523,0.5518204274514016,0.5445736434108527,0.5523646845307996,0.5405056481979559,0.5498562619523524,0.0067635620365533375
34.747997760772705,0.4904493892806067,1.0654004096984864,0.0677356176459977,200,2,10,log2,,balanced_subsample,"{'model__n_estimators': 200, 'model__min_samples_split': 2, 'model__min_samples_leaf': 10, 'model__max_features': 'log2', 'model__max_depth': None, 'model__class_weight': 'balanced_subsample'}",0.7242746997793473,0.6963903548276295,0.691063201523223,0.711163216482719,0.739203165939345,0.7124189277104527,0.01773422538022453,10,0.7603409187633211,0.7618049877412642,0.7639732030280431,0.7612613795687893,0.7563862767615699,0.7607533531725975,0.002488892030545481,0.8946818429615219,0.8862949208096939,0.8859161885656005,0.8894369537576995,0.8962187563247023,0.8905097324838437,0.004243008282482841,8,0.9128875400057778,0.9132988375229696,0.9137534472230073,0.9136644235111279,0.9121309237285098,0.9131470343982784,0.0005930076609477777,0.7912246865959498,0.7963677274188364,0.7849566055930569,0.7902603664416586,0.7976209612602475,0.7920860694619499,0.004557895327815716,22,0.8075300357616426,0.8086149395266605,0.8075702173825692,0.8090167557359264,0.8078592092574735,0.8081182315328546,0.0005945503995364519,0.8085728748680847,0.8046229553380638,0.806970202950344,0.8095426503637119,0.8180250969858559,0.8095467561012122,0.004554408101256812,2,0.8316692642761718,0.8326121674864757,0.8330137215332627,0.8339652969191793,0.8331513440391525,0.8328823588508485,0.0007492617521520307,0.5418103448275862,0.5508093525179856,0.5325493490130198,0.5401709401709401,0.5501075268817204,0.5430895026822504,0.006783772349824508,22,0.5634605051047824,0.5650441524876157,0.5632085561497326,0.5653854412712046,0.5636908584885464,0.5641579027003764,0.0008829543820171164,0.8419290020093771,0.8204956463496316,0.8492967180174146,0.8466175485599464,0.8572386058981233,0.8431155041668987,0.012353133020820178,4,0.8780773739742087,0.8787472785128119,0.8819293250711774,0.8819293250711774,0.8817816476892163,0.8804929900637184,0.0017128610506357402,0.6593233674272226,0.6591337099811676,0.6546205472379969,0.6595356117923298,0.670159811370186,0.6605546095617807,0.005138993417177846,8,0.6864362398533648,0.6878154289834174,0.6874224920044384,0.689041543997383,0.6877367115058117,0.687690483268883,0.0008352316369432582
31.994276332855225,0.7823383187910143,1.0052001953125,0.054653059348721625,200,2,10,log2,,balanced,"{'model__n_estimators': 200, 'model__min_samples_split': 2, 'model__min_samples_leaf': 10, 'model__max_features': 'log2', 'model__max_depth': None, 'model__class_weight': 'balanced'}",0.724466821959539,0.6978557983398489,0.6891925306406994,0.7118682023586623,0.7406386639562724,0.7128044034510044,0.01839899925652437,8,0.7592292097888285,0.7636025689656647,0.763343874985221,0.7610738332841218,0.7570683694413375,0.7608635712930346,0.002480843380086656,0.8943566487833475,0.8867084952871631,0.8852903030806908,0.8892045305667657,0.8965199326272153,0.8904159820690364,0.004342182046889763,9,0.9126137400764015,0.9140170919860455,0.9134456226168783,0.9134936361016641,0.9123928247235957,0.913192583100917,0.0006015229865397463,0.7904210864673739,0.7970106075216972,0.7880102860816458,0.7891353262616522,0.796656486095483,0.7922467584855705,0.0038236564297517294,21,0.8074898541407161,0.8092176638405594,0.808172941696468,0.809056937356853,0.8068948891031823,0.8081664572275559,0.0008913707965012687,0.8091900497946504,0.8043583809805596,0.8080624219856192,0.8078858738396721,0.8176201034402413,0.8094233660081486,0.00440706399128573,3,0.832960856234045,0.832378297635725,0.8327798516825118,0.8329602320498891,0.8325742518444784,0.8327306978893299,0.00022659929107579237,0.5404710920770878,0.5519421860885275,0.5369583687340697,0.5386917486105173,0.5486498071153022,0.5433426405251008,0.005877987980691737,21,0.5630881094952951,0.5661152557033193,0.5642650059057231,0.5657001185728144,0.5622331340734416,0.5642803247501187,0.0014829287002064754,0.8452779638312123,0.8184862692565305,0.8466175485599464,0.8439383791024783,0.8579088471849866,0.8424458015870309,0.012967786026024409,5,0.8819293250711774,0.876905041031653,0.8800870875900184,0.8789147546474627,0.8819490957803081,0.879957060824124,0.00191186628540044,0.6593521421107628,0.6592932290261667,0.6571354302053548,0.6576200417536534,0.6692810457516339,0.6605363777695143,0.004460684052981639,9,0.6873327677347778,0.688042049934297,0.6876472127715257,0.6883525708289612,0.6867014341590613,0.6876152070857245,0.0005730056578441348
397.6158305644989,7.851560969027703,3.549738883972168,1.8965645509995253,400,2,1,0.5,16,balanced,"{'model__n_estimators': 400, 'model__min_samples_split': 2, 'model__min_samples_leaf': 1, 'model__max_features': 0.5, 'model__max_depth': 16, 'model__class_weight': 'balanced'}",0.7124243936601965,0.6875940396367876,0.6825347458945475,0.7030566343039095,0.7266954170608553,0.7024610461112593,0.01615557536479138,20,0.9184349202337178,0.9147182092429031,0.9132137943563984,0.9179545211193788,0.9121383984662934,0.9152919686837382,0.002512383070519744,0.8895265379553019,0.8826589354677931,0.8812525697917555,0.8838623380526619,0.8895214457369593,0.8853643654008942,0.0034953482716963725,21,0.9785073917038719,0.9776550129035243,0.9772937475092396,0.9779450947430095,0.9766142222597397,0.9776030938238771,0.0006341887712694503,0.8277081324333012,0.8222436515589843,0.8138862102217936,0.8214400514304082,0.8199646359106253,0.8210485363110225,0.004436339936094114,11,0.9228111062000242,0.9219271105396392,0.91979748463053,0.921846747297786,0.9195998071359691,0.9211964511607897,0.00127045177666847,0.7947613993943967,0.7787916175251901,0.7836060776752356,0.792471230725411,0.7868436411690573,0.7872947932978581,0.005807923388803046,14,0.9460710821270879,0.945833396341994,0.9444897713304443,0.9464681960553757,0.9445874467115659,0.9454899785132935,0.0008034307482819369,0.6193987521270562,0.6145648312611013,0.5914800655379574,0.605060506050605,0.6041433370660694,0.6069294984085578,0.00963038316526468,11,0.7602158828064765,0.7576765609007164,0.7525092110278236,0.7566947207345065,0.7518072289156627,0.7557807208770372,0.0031809332446876273,0.7314132618888145,0.695244474212994,0.725385130609511,0.7367716008037508,0.7231903485254692,0.7224009632081079,0.014385687548505834,14,0.9907888125942054,0.9917936694021102,0.991961145536761,0.9938033830179199,0.9926322839919625,0.9921958589085917,0.0009971185197693213,0.6707616707616708,0.6524198617221874,0.6516245487364621,0.6644518272425249,0.6583282489322758,0.6595172314790242,0.007278302384028261,12,0.8603213844252163,0.8590701385363023,0.8558011847998844,0.8591906175342069,0.8555964494479325,0.8579959549487086,0.0019268292076715498
68.57224712371826,1.468828322812663,1.1233997821807862,0.08760442253604771,200,10,1,sqrt,24,balanced_subsample,"{'model__n_estimators': 200, 'model__min_samples_split': 10, 'model__min_samples_leaf': 1, 'model__max_features': 'sqrt', 'model__max_depth': 24, 'model__class_weight': 'balanced_subsample'}",0.7181737718978377,0.6899796066768924,0.6854581304867832,0.7097945651644055,0.7348754949775106,0.707656313840686,0.018227990480766672,13,0.9220317626005786,0.9191696975799022,0.9161648107379411,0.9203500835451923,0.9167925580479952,0.9189017825023219,0.0021865942491831954,0.893722052740094,0.8852940564107089,0.8840351328685908,0.88766148702403,0.8941137819976789,0.8889653022082206,0.00420994226142442,11,0.9756150374232488,0.9745066722895772,0.9739352560424657,0.9748333729328748,0.9738207975415549,0.9745422272459443,0.0006520470079214092,0.823690131790421,0.819672131147541,0.8129218900675024,0.8174220507875282,0.8206076193538017,0.8188627646293588,0.00358811128064954,12,0.9098726242616627,0.9037650178808213,0.9046088319202796,0.9046490135412063,0.904693024750884,0.9055177024709709,0.002204450342022128,0.8001389298647088,0.7901623662238824,0.7889299992620812,0.7976195956119747,0.7994242359476098,0.7952550253820514,0.0047490454794097935,13,0.9246660499668182,0.919330262618799,0.9201718753491668,0.9213444163531078,0.9205726675143056,0.9212170543604394,0.0018427918178347978,0.6065662002152853,0.6019791094007697,0.587083112758073,0.5934065934065934,0.5995762711864406,0.5977222573934324,0.006805730453267087,12,0.7435327933106872,0.7304123711340206,0.7320944638017809,0.7309964047252183,0.7319587628865979,0.733798959171661,0.004906372261488931,0.7548559946416611,0.7334226389819156,0.7427997320830543,0.7595445411922304,0.7587131367292225,0.7498672087256166,0.010170174934376388,13,0.9531066822977726,0.9492547312008038,0.950092111874058,0.9534416345670742,0.9511051574012056,0.9514000634681828,0.0016419937807257516,0.672635034318114,0.6612318840579711,0.6558249556475458,0.6662749706227967,0.6698224852071006,0.6651578659707057,0.006023805956353792,2,0.8353761467889909,0.8255771611681596,0.8269679300291545,0.8275310705719893,0.8272647829886397,0.8285434183093867,0.0034821481717439624
8.547020721435548,0.4167173309581273,0.4389989376068115,0.022654359877461287,100,10,10,sqrt,8,,"{'model__n_estimators': 100, 'model__min_samples_split': 10, 'model__min_samples_leaf': 10, 'model__max_features': 'sqrt', 'model__max_depth': 8, 'model__class_weight': None}",0.7141569657198931,0.6926484306016295,0.6885416069035041,0.7020201643045062,0.7282764500797906,0.7051287235218646,0.01454565015034089,16,0.7228735136476392,0.7283750877887947,0.7308468207736002,0.7252279017142302,0.719361911202715,0.7253370470253959,0.004034115911528311,0.8893397212649656,0.883799522888019,0.882168028228441,0.88491178328924,0.8897379383497068,0.8859913988040745,0.0030277342723221455,18,0.8948639524672343,0.89677656781868,0.8969884539919969,0.8964040538290751,0.894352979549167,0.8958772015312306,0.0010650109305165682,0.8325297332047573,0.823690131790421,0.8273866923818708,0.829958212793314,0.8374859347371805,0.8302101409815087,0.004666123284181409,6,0.8336079077429983,0.8355768071684012,0.8354160806846949,0.8348535379917226,0.8328913532626165,0.8344691373700867,0.0010490488092985443,0.7048920903456279,0.6924311055029908,0.6994462209419668,0.7059503877756449,0.7073004285349027,0.7020040466202266,0.005479958764357906,22,0.708139253378005,0.7093771477911195,0.7086983630155181,0.7083856113387116,0.7061039379230375,0.7081408626892783,0.0010998340294243816,0.744842562432139,0.7156862745098039,0.7240641711229947,0.7263267429760666,0.7723669309173273,0.7366573363916663,0.020234957251134295,5,0.7442605445808863,0.7542625169147497,0.7548246806197336,0.7518267929634641,0.7444055001348072,0.7499160070427282,0.004668795759670825,0.4594775619557937,0.44005358338914935,0.4534494306764903,0.4675150703281983,0.4571045576407507,0.4555200407980765,0.00900613270860211,22,0.46692346340646457,0.4667559872718138,0.46508122592530565,0.46524870205995644,0.46232417950435367,0.4652667116335788,0.0016526338365069348,0.5683512841756421,0.545002073828287,0.557660626029654,0.5688671556642216,0.5743157894736842,0.5628393858342978,0.010425086336869787,22,0.5738396624472574,0.5766604593420236,0.5755440414507772,0.5747982619490999,0.5703956202871604,0.5742476090952636,0.00213588576363635
55.797669506073,0.3969261800425295,0.9751032829284668,0.037920064250444654,200,10,3,sqrt,,,"{'model__n_estimators': 200, 'model__min_samples_split': 10, 'model__min_samples_leaf': 3, 'model__max_features': 'sqrt', 'model__max_depth': None, 'model__class_weight': None}",0.7232279519694019,0.6973726156827483,0.6960379086954912,0.7129739255735709,0.7416236132375691,0.7142472030317564,0.01701806699450624,3,0.8830008361216455,0.8835998166708824,0.8847409128128328,0.8842435125090599,0.8833978498154398,0.8837965855859722,0.0006200682247293247,0.8947893439986448,0.886875624699291,0.8867315818076519,0.8894884381147407,0.8969544060179703,0.8909678789276597,0.004179081357650271,4,0.9602957786487512,0.9605723674860579,0.960772327757843,0.9607558776278906,0.9602709840537296,0.9605334671148544,0.00021606815880815261,0.8400835744133719,0.833011893281903,0.8373513339762134,0.8402442944390871,0.8450409901945025,0.8391464172610157,0.003941682289181198,1,0.8940008839956604,0.8943223369630731,0.8971752320488608,0.8966930525977418,0.893161362905818,0.8950705737022308,0.0015755129116402245,0.7424029413643454,0.7269800125970254,0.7440430049471722,0.7491544738914824,0.7508072942207599,0.742677545404157,0.008442699116091351,17,0.824083731303117,0.8235502220696714,0.8278337677359935,0.8279177138647043,0.8234973366228556,0.8253765543192684,0.0020510353287163667,0.7150259067357513,0.7048736462093863,0.6995850622406639,0.7053497942386832,0.7252559726962458,0.7100180764241462,0.009103599870155608,7,0.8398939424841934,0.8430889299650852,0.8494469479721426,0.8463732681336593,0.836481820028438,0.8430569817167036,0.004584059629820361,0.5545880776959142,0.5231078365706631,0.5646349631614199,0.5740120562625586,0.5697050938337802,0.5572096055048672,0.018239509691136628,17,0.6896667224920449,0.6874895327415843,0.6945235303969184,0.6956958633394741,0.6895512391158741,0.6913853776171792,0.0031598650859462965,0.6246699358732554,0.6005382545174933,0.6249073387694588,0.6329394387001477,0.6381381381381381,0.6242386211996986,0.01289373020273657,17,0.7574029795843296,0.757380073800738,0.7642126600939833,0.7636731317216656,0.7559430931620009,0.7597223876725435,0.0034905609896278326
37.87209424972534,2.273035927579746,0.9034186363220215,0.06956150407977281,200,10,10,sqrt,16,balanced,"{'model__n_estimators': 200, 'model__min_samples_split': 10, 'model__min_samples_leaf': 10, 'model__max_features': 'sqrt', 'model__max_depth': 16, 'model__class_weight': 'balanced'}",0.7242710996686714,0.6970253164464579,0.691982647034455,0.7134049250202079,0.7390016928004564,0.7131371361940497,0.01732117368504766,7,0.7693145954758008,0.7745390337977415,0.7729736150200603,0.7704993588585791,0.7662637886383756,0.7707180783581113,0.002882549060564021,0.8948899049161115,0.8871917542313839,0.8864490197930796,0.8894090516439799,0.8956226398407635,0.8907124740850637,0.0038427093812696926,7,0.9173818518554063,0.9188680476111031,0.9182985437580009,0.9184296047233865,0.9170350743024791,0.9180026244500752,0.0006841563477230747,0.7917068466730954,0.7987785278045645,0.7865638058502089,0.788171006107361,0.7971387236778653,0.792471782022619,0.0048071065889480685,19,0.8128741913448788,0.8150439988749146,0.8128741913448788,0.8132760075541448,0.8125602700096431,0.8133257318256921,0.0008886645665356491,0.8093483978308869,0.8041464240608567,0.8057358530972125,0.8072514902490611,0.8156433947855823,0.8084251120047199,0.003996817109631614,6,0.8377062450536725,0.8379874997782154,0.8375916342182393,0.8380851823851938,0.8382491629011797,0.8379239448673003,0.00024233328692985394,0.5424386040499785,0.554997717937015,0.5350914504466184,0.5373134328358209,0.5497835497835498,0.5439249510105966,0.007495084776915676,19,0.5709503239740821,0.5746236089897447,0.570980985306828,0.5715366328074346,0.5703066164604627,0.5716796335077104,0.0015226699153506019,0.8432685867381112,0.8144675150703282,0.8425987943737442,0.8439383791024783,0.8512064343163539,0.8390959419202032,0.012699240710600298,7,0.8854463238988444,0.8820968012058281,0.8851113716295428,0.8857812761681461,0.8876423308774279,0.8852156207559579,0.0017888552353810326,0.6601992658626115,0.6601520086862106,0.6545265348595213,0.6565919749869724,0.6680694371383482,0.6599078443067328,0.004619732049132043,11,0.6942420064342459,0.6959106824337715,0.6941616864779667,0.6947783251231527,0.6944389860483395,0.6947063373034952,0.0006386476040069785
9.432240390777588,0.569888065550748,0.5212010383605957,0.06340745801266569,100,10,3,sqrt,8,,"{'model__n_estimators': 100, 'model__min_samples_split': 10, 'model__min_samples_leaf': 3, 'model__max_features': 'sqrt', 'model__max_depth': 8, 'model__class_weight': None}",0.7127149553454551,0.6924239783510308,0.6870188707171967,0.7050501964463476,0.7320945273536882,0.7058605056427437,0.01594623121103925,15,0.7289133083200817,0.7347251612240494,0.7367292985311411,0.7304762594039834,0.7259422865987628,0.7313572628156038,0.003905702380751554,0.8892372482737161,0.8835198643928945,0.8825243821275206,0.8855470875079688,0.8908039607305785,0.8863265086065357,0.0032081426927890073,16,0.8982306911331746,0.8992285048418452,0.8996802193898407,0.8992707634372504,0.8973858826564569,0.8987592122917135,0.000836127149302935,0.8331726133076182,0.8256187720990036,0.8288331726133076,0.8317261330761813,0.8392541392059154,0.8317209660604051,0.004570166872320866,4,0.8362197131032266,0.8371438903845381,0.8357777152730341,0.8363000763450797,0.8339762134361941,0.8358835217084145,0.0010511033694242233,0.7066900062418586,0.6957623629379481,0.6999394651603869,0.7100925769471603,0.71167492574764,0.7048318674069988,0.00606871820577894,20,0.71335300608329,0.7113822132270449,0.7093947002037302,0.7118586251041591,0.7093384408837067,0.7110653971003862,0.001532079885486834,0.7448869752421959,0.7207792207792207,0.7321041214750542,0.7284836065573771,0.7733333333333333,0.7399174514774363,0.01843567268257921,4,0.7491454115172232,0.7598915989159891,0.7555615843733043,0.7531358420069388,0.7440318302387268,0.7523532534104364,0.005427132182917217,0.463496316141996,0.44608171466845276,0.4521098459477562,0.47622237106496984,0.46648793565683644,0.46087963669600224,0.010673211818148608,20,0.4771395076201641,0.4696030815608776,0.46642103500251214,0.4726176519845922,0.46969189551239116,0.47109463433610743,0.0036026382665412665,0.5714285714285714,0.5510964004964832,0.5590062111801242,0.5759416767922235,0.5819397993311036,0.5678825318457011,0.011275586524698738,20,0.582975240433804,0.5804782113652831,0.5767836802319561,0.5807779378472937,0.5758571135290494,0.5793744366814773,0.0026547128988713307
101.75736055374145,12.504961895880331,1.2903980255126952,0.35699358345914695,400,10,10,sqrt,16,balanced,"{'model__n_estimators': 400, 'model__min_samples_split': 10, 'model__min_samples_leaf': 10, 'model__max_features': 'sqrt', 'model__max_depth': 16, 'model__class_weight': 'balanced'}",0.7245733119483365,0.6978156055933233,0.693017542167574,0.7129054860496329,0.7399058686056096,0.7136435628728953,0.01723757428658684,5,0.7695487402820026,0.7742581263122307,0.773722396976229,0.7701857494976506,0.7664331157701749,0.7708296257676576,0.0028812249369211886,0.8950114278276419,0.8871719253180805,0.8866601977197599,0.889439928094695,0.8959167296420409,0.8908400417204435,0.003900249076276092,5,0.9175603773776679,0.9188822577610347,0.9185149807207664,0.9183995642008199,0.9171360070120703,0.918098637414472,0.0006472002295786466,0.7912246865959498,0.79926068788171,0.787367405978785,0.7886531661845065,0.7981031988426298,0.7929218290967162,0.004878137247740226,18,0.8125929199983928,0.8148430907702817,0.8126331016193193,0.8123920118937598,0.8132433301189328,0.8131408908801372,0.0008974318938540619,0.8081145437005879,0.8049219470236588,0.8071811684243818,0.80848534437936,0.8162777783761934,0.8089961563808364,0.00384586926117576,4,0.837521216506411,0.8375688094415884,0.8377768708268862,0.83767558034695,0.8383547695689066,0.8377794493381483,0.00030094589061243346,0.5418825561312608,0.5556569343065694,0.536108751062022,0.5378723404255319,0.5512152777777778,0.5445471719406323,0.00762562725779409,18,0.5705190460774793,0.5743914419823163,0.5705197325857235,0.5701357466063348,0.571443988776171,0.571401991205605,0.0015556302580709972,0.840589417280643,0.8158070997990623,0.8452779638312123,0.8466175485599464,0.8512064343163539,0.8398996927574437,0.0125126060145942,6,0.8854463238988444,0.8812594205325741,0.8861162284374476,0.8862837045720985,0.8866376423308774,0.8851486639543685,0.0019827440921632022,0.6589656077710685,0.6610583446404342,0.6560956589550299,0.6578194119177726,0.6691253951527925,0.6606128836874195,0.004551562559475234,7,0.6939230870192938,0.6954797779540047,0.6941292226959659,0.6938962826984856,0.6949730935818349,0.694480292789917,0.0006350778664577626
18.993965721130373,5.2313756718805955,0.5952009677886962,0.21705696736123112,100,2,1,sqrt,8,,"{'model__n_estimators': 100, 'model__min_samples_split': 2, 'model__min_samples_leaf': 1, 'model__max_features': 'sqrt', 'model__max_depth': 8, 'model__class_weight': None}",0.7136810373904909,0.6945646138805298,0.6892951083325837,0.7084018298340174,0.7305263753189916,0.7072937929513227,0.01461343333067736,14,0.7335344208993338,0.7389919484932066,0.7421807089911591,0.7383257278877905,0.7304657047513328,0.7366997022045645,0.004167049746598715,0.8880431936051187,0.8841000017421117,0.8822924546594193,0.8858506823341521,0.8908505899087088,0.8862273844499022,0.0029940783466019696,17,0.9008442254501465,0.9032532442790467,0.9029770095887789,0.9024773878001092,0.9007456308759975,0.9020594995988158,0.0010625087076599558,0.8336547733847638,0.825136612021858,0.8269045323047252,0.8314046930247508,0.8398971226490918,0.8313995466770379,0.005229232756175889,5,0.8371037087636115,0.8381886125286294,0.8380680676658496,0.8377466146984369,0.836025393764063,0.8374264794841182,0.0007952598142593601,0.7054030389509258,0.6940701776401526,0.6984415323954163,0.7082769566640517,0.7125566282313737,0.703749666776384,0.006673250540614144,21,0.7138199135392502,0.713616708395222,0.7133654941932458,0.7136124763381082,0.7132646188309242,0.71353584225935,0.00019783286773164449,0.7510964912280702,0.7213114754098361,0.723175965665236,0.7302904564315352,0.7755555555555556,0.7402859888580466,0.02055969367119363,3,0.7537728355837967,0.7614308768154922,0.7612382234185734,0.75849157528751,0.7482278813336833,0.7566322784878111,0.005030080803538602,0.45880776959142666,0.4420629604822505,0.4514400535833891,0.4715338245144005,0.467828418230563,0.4583346052804059,0.010741294379403455,21,0.4768045553508625,0.4741249371964495,0.47362250879249707,0.47496231786970355,0.47722705961152045,0.47534827576420663,0.0014334832658788126,0.5696465696465697,0.5481727574750831,0.5558762886597938,0.5730565730565731,0.5836120401337793,0.5660728457943598,0.012598017510363577,21,0.5841198194501436,0.5843740324078852,0.5839355771216188,0.5841400617919671,0.582762498722012,0.5838663978987253,0.0005692427182329038
