model,variant,fold,average_precision,roc_auc,accuracy,balanced_accuracy,precision,recall,f1
decision_tree,baseline,1,0.6475928067762586,0.8394816892024627,0.8246544519447123,0.7308778104120774,0.6618357487922706,0.550569323509712,0.6010968921389397
decision_tree,baseline,2,0.624055739394635,0.8389793095204137,0.8167791706846673,0.7332594753524483,0.630066322770818,0.5726724715338245,0.6
decision_tree,baseline,3,0.6294529067914649,0.8405674638409144,0.8162970106075217,0.7306506277196594,0.6305970149253731,0.565974547890154,0.5965407695022944
decision_tree,baseline,4,0.6317556677668748,0.8452987841901808,0.8185470909675345,0.7396933203614471,0.6307471264367817,0.5880776959142666,0.6086655112651647
decision_tree,baseline,5,0.6329686124073541,0.8379166224941423,0.823179553126507,0.7288580613486916,0.6578099838969405,0.5475871313672922,0.5976591075347476
decision_tree,reduced,1,0.6455118066602822,0.8398047588542116,0.823690131790421,0.7302434268214663,0.6586538461538461,0.550569323509712,0.5997811017876687
decision_tree,reduced,2,0.6263163227632922,0.8397354992927453,0.8162970106075217,0.7334006147246395,0.6282991202346041,0.5740120562625586,0.599929996499825
decision_tree,reduced,3,0.6268246003058413,0.8397273552747812,0.8164577306332369,0.7316730206530879,0.6302895322939867,0.5686537173476223,0.597887323943662
decision_tree,reduced,4,0.6264891357756529,0.8442620152946074,0.8169398907103825,0.7377193520421019,0.6269727403156384,0.5853985264567984,0.6054728091444406
decision_tree,reduced,5,0.6321511439380424,0.8375796593603894,0.8230188072657129,0.72852294070526,0.6575342465753424,0.546916890080429,0.5971459934138309
decision_tree,engineered,1,0.6479390658091636,0.8412278374714623,0.8246544519447123,0.7311069759958257,0.6615755627009646,0.551239115874079,0.6013883814395323
decision_tree,engineered,2,0.62446693860552,0.8393283692120995,0.8169398907103825,0.7335943715346318,0.6303387334315169,0.5733422638981915,0.6004910557699052
decision_tree,engineered,3,0.6282997554068894,0.8396294146065724,0.8158148505303761,0.7298751047568571,0.6295743091859597,0.5646349631614199,0.5953389830508474
decision_tree,engineered,4,0.6282269088777879,0.8438856200295819,0.8174220507875282,0.7384948750049041,0.6279569892473118,0.5867381111855325,0.6066481994459834
decision_tree,engineered,5,0.633280431864599,0.8368741981623851,0.823179553126507,0.7283992812586987,0.6583198707592892,0.5462466487935657,0.5970695970695971
decision_tree,reduced_engineered,1,0.6469527582959842,0.8406233388859011,0.8243330118932819,0.730666349215207,0.6607717041800643,0.550569323509712,0.6006576543660943
decision_tree,reduced_engineered,2,0.6238513361664202,0.8387176386823574,0.8167791706846673,0.7334886409361967,0.6298749080206034,0.5733422638981915,0.6002805049088359
decision_tree,reduced_engineered,3,0.6278489921953667,0.8394770860618744,0.8169398907103825,0.7322193780321418,0.6315007429420505,0.5693235097119893,0.5988023952095808
decision_tree,reduced_engineered,4,0.6291254823612037,0.8438823624223964,0.8174220507875282,0.7387240405886525,0.6277738010021474,0.5874079035498996,0.6069204152249135
decision_tree,reduced_engineered,5,0.6304861455280587,0.8371640360629212,0.8230188072657129,0.7282935506602635,0.6577885391444713,0.5462466487935657,0.5968509703405346
random_forest,baseline,1,0.7232622273477238,0.8946669712765444,0.8392799742847958,0.7402701292859311,0.7145343777197564,0.549899531145345,0.6214988644965935
random_forest,baseline,2,0.6936880003781062,0.8853657945863384,0.8323690131790421,0.728161249289523,0.6998223801065719,0.5277963831212324,0.6017563955708286
random_forest,baseline,3,0.6946349165117667,0.885608698774304,0.8373513339762134,0.7456471640334106,0.6972928630024611,0.5693235097119893,0.6268436578171092
random_forest,baseline,4,0.7097979582428212,0.8884596716020361,0.8391192542590806,0.7486435252861843,0.7009803921568627,0.5746818486269256,0.631578947368421
random_forest,baseline,5,0.7413531164373254,0.897040365277958,0.8456839736376788,0.7535241170644651,0.7239057239057239,0.5764075067024129,0.6417910447761194
random_forest,reduced,1,0.7224781576625474,0.8941723107071742,0.8400835744133719,0.7421737757805971,0.7153979238754326,0.5539182853315472,0.6243865609664024
random_forest,reduced,2,0.694559855107181,0.885013760557657,0.8328511732561877,0.7293951034198218,0.7002652519893899,0.5304755525787006,0.6036585365853658
random_forest,reduced,3,0.6955751789820385,0.8868920543703138,0.8386370941819351,0.7458055120696472,0.7029045643153526,0.5673141326188882,0.6278724981467754
random_forest,reduced,4,0.7116197086960688,0.8887226879734951,0.8375120540019286,0.7443779011293558,0.6998341625207297,0.565304755525787,0.6254168210448314
random_forest,reduced,5,0.74042654273225,0.8965689712157657,0.8461662112200611,0.7540706989047671,0.7253580454928391,0.5770777479892761,0.6427771556550952
random_forest,engineered,1,0.7211301872027134,0.8942655774172473,0.8405657344905175,0.7445534578296376,0.7139197267292912,0.5599464166108507,0.6276276276276276
random_forest,engineered,2,0.6963100927755187,0.8864417255856859,0.835422693667631,0.7320034553297782,0.7088156723063224,0.5331547220361688,0.6085626911314985
random_forest,engineered,3,0.693530830972563,0.8850914474072775,0.8363870138219223,0.7434086213565612,0.6961189099917423,0.5646349631614199,0.6235207100591716
random_forest,engineered,4,0.710777104790483,0.8892728695001145,0.8391192542590806,0.7481851941186877,0.7016393442622951,0.5733422638981915,0.6310357537781054
random_forest,engineered,5,0.7384575149419776,0.8957819443885396,0.8456839736376788,0.7510008265695041,0.7281303602058319,0.5690348525469169,0.6388261851015802
random_forest,reduced_engineered,1,0.7245062680426424,0.894677452273576,0.8404050144648023,0.7396352499724874,0.7212389380530974,0.5458807769591426,0.621425848265345
random_forest,reduced_engineered,2,0.6965596967114217,0.8863719703013867,0.8342976534876245,0.7328675002269702,0.7019230769230769,0.5378432685867381,0.60902540766022
random_forest,reduced_engineered,3,0.6958788311700316,0.8867641578795074,0.837029893924783,0.7415398879128186,0.7017691659646167,0.5579370395177495,0.6216417910447761
random_forest,reduced_engineered,4,0.713468486221586,0.8892507036077435,0.840887174541948,0.7488898995339781,0.7087136929460581,0.5720026791694575,0.6330615270570793
random_forest,reduced_engineered,5,0.7405490317758288,0.89668129226035,0.8464877029416492,0.7508413094266908,0.7324675324675325,0.5670241286863271,0.6392142047601058
