feature,category,n,yes_count,positive_rate,ci_low,ci_high
geological_era,Triassic,26641,6801,0.25528321008971133,0.2500829925699023,0.26055399057178275
geological_era,Jurassic,2933,353,0.1203545857483805,0.10907296023323579,0.13262938181478717
geological_era,Devonian,983,247,0.25127161749745675,0.22516062407908005,0.27931905132453544
geological_era,Cambrian,298,32,0.10738255033557047,0.07709692568432622,0.1476616581290215
geological_era,Permian,252,31,0.12301587301587301,0.0880326817762591,0.16931989557454064
geological_era,__MISSING_FOR_EDA__,2,0,0.0,0.0,0.6576197724933469
weather_pattern,Monsoon,14273,6385,0.4473481398444616,0.4392062299052921,0.45551838377517995
weather_pattern,Heatwave,10249,449,0.04380915211240121,0.040014697139450744,0.0479454515122993
weather_pattern,Blizzard,4191,434,0.10355523741350513,0.09469098723406895,0.11314558236677529
weather_pattern,Fog,987,63,0.06382978723404255,0.05020643964539506,0.080835169145614
weather_pattern,Frost,978,80,0.081799591002045,0.0662154886839516,0.10065611502433627
weather_pattern,Drizzle,404,43,0.10643564356435643,0.07998378852318253,0.1403014641837831
weather_pattern,Typhoon,24,9,0.375,0.21159367559548778,0.5729003755732572
weather_pattern,__MISSING_FOR_EDA__,3,1,0.3333333333333333,0.06149194472039621,0.7923403991979522
region,Texas,27914,6840,0.245038332019775,0.24002799660050506,0.2501188322295318
region,Arizona,608,35,0.05756578947368421,0.041679794883217616,0.07900744812091176
region,Wyoming,553,137,0.24773960216998192,0.213581465141379,0.2853782556544113
region,Other,531,107,0.2015065913370998,0.169587898701659,0.23771309718790154
region,South-Dakota,178,39,0.21910112359550563,0.16462272737764355,0.285447676541599
region,Oregon,131,38,0.2900763358778626,0.21922903539142036,0.3728845439110964
region,Vermont,128,49,0.3828125,0.3031862585769025,0.46926771554970104
region,Kentucky,123,14,0.11382113821138211,0.06902284440685469,0.18201068293301853
region,Rhode-Island,95,7,0.07368421052631578,0.036148969609054685,0.14435685288249595
region,Wisconsin,92,36,0.391304347826087,0.29785623268996947,0.49346580845907867
region,Nevada,82,21,0.25609756097560976,0.1740357615326263,0.35998893295034956
region,Idaho,81,23,0.2839506172839506,0.19728731636228797,0.39017852302208883
region,Connecticut,80,30,0.375,0.27694178701531175,0.48451274536857
region,Tennessee,78,10,0.1282051282051282,0.07115322631234479,0.22015950398646633
region,Georgia,76,15,0.19736842105263158,0.12341987279754299,0.3004383497418823
region,Virginia,67,22,0.3283582089552239,0.22791317376089593,0.44741818752268525
region,Arkansas,65,3,0.046153846153846156,0.015819840413512566,0.12713847263338832
region,Iowa,61,3,0.04918032786885246,0.0168659826687624,0.134911275272159
region,Missouri,59,22,0.3728813559322034,0.2608399879232115,0.5004640893293619
region,West-Virginia,54,12,0.2222222222222222,0.13195416567633134,0.3493867165963889
region,Nebraska,49,1,0.02040816326530612,0.0036116725898252405,0.10693521523391616
region,__MISSING_FOR_EDA__,4,0,0.0,0.0,0.4898908364545973
personal_interest,Astronomy,3964,1800,0.45408678102926336,0.4386393577546878,0.469623105910333
personal_interest,Beekeeping,3954,901,0.22787051087506321,0.21506400232807968,0.2412052741473795
personal_interest,Falconry,3877,1874,0.4833634253288625,0.467657637723916,0.4991021484284406
personal_interest,Archery,3559,490,0.13767912334925542,0.12674897935496415,0.1493905767246227
personal_interest,Calligraphy,3443,915,0.26575660760964276,0.2512685002415938,0.28076683724913215
personal_interest,Kite-flying,3153,136,0.04313352362829052,0.036580820802976345,0.0507981186904693
personal_interest,Other,2636,575,0.21813353566009105,0.20278451587684537,0.2343028913859203
personal_interest,Glassblowing,1925,230,0.11948051948051948,0.10574355674527122,0.13473315879789724
personal_interest,Unknown,1767,153,0.0865874363327674,0.07435515263317265,0.10061333891492759
personal_interest,Foraging,1481,299,0.20189061444969614,0.18223004345347515,0.22309367326082963
personal_interest,Fencing,1344,89,0.0662202380952381,0.05412374358883349,0.08078934847452976
personal_interest,__MISSING_FOR_EDA__,6,2,0.3333333333333333,0.09677141110578041,0.700006684861608
brew_preference,Espresso,20775,6332,0.30478941034897716,0.2985665310389568,0.3110844682203474
brew_preference,Latte,10327,1131,0.10951873729059747,0.10364023919485056,0.11568763141980014
brew_preference,__MISSING_FOR_EDA__,7,1,0.14285714285714285,0.02567962434474355,0.5131278292743189
instrument,Cello,12572,5654,0.4497295577473751,0.44105042477104756,0.45843940228037167
instrument,Oboe,8064,804,0.09970238095238096,0.09335264955826116,0.10643331141379579
instrument,Dulcimer,4779,61,0.012764176605984516,0.009950180001843587,0.01636084450192972
instrument,Theremin,3236,203,0.06273176761433868,0.05488462409047018,0.07161584330273268
instrument,Zither,1491,708,0.47484909456740443,0.4495990846968362,0.500228370544358
instrument,Sitar,964,34,0.035269709543568464,0.025347621924988205,0.04888091846863398
instrument,__MISSING_FOR_EDA__,3,0,0.0,5.551115123125783e-17,0.5614970317550454
species,Lynx,21720,4733,0.2179097605893186,0.21246974241485594,0.22344954362723507
species,Heron,2449,690,0.28174765210289915,0.2642836391573472,0.29989528640844687
species,Orca,1948,572,0.2936344969199179,0.27383225359523666,0.31424904452116975
species,Unknown,1760,153,0.08693181818181818,0.07465270739422564,0.1010101659730068
species,Viper,1230,344,0.27967479674796747,0.2553070397820485,0.30541448069754074
species,Bison,1080,608,0.562962962962963,0.533208905915585,0.5922707008047364
species,Other,919,363,0.39499455930359084,0.36388877230447997,0.42697454646466587
species,__MISSING_FOR_EDA__,3,1,0.3333333333333333,0.06149194472039621,0.7923403991979522
mineral_type,Marble,10076,1626,0.1613735609368797,0.1543198449282608,0.16868538011638154
mineral_type,Opal,6892,1329,0.1928322692977365,0.18369017012974534,0.20231659564585794
mineral_type,Sapphire,5121,2121,0.4141769185705917,0.4007550679936887,0.4277274310137497
mineral_type,Ruby,1668,891,0.5341726618705036,0.5101826759969275,0.5580056078852147
mineral_type,Granite,1311,326,0.2486651411136537,0.22602453071659148,0.27277435824522345
mineral_type,Onyx,1156,58,0.050173010380622836,0.03901146324474454,0.06431426106808245
mineral_type,Quartz,999,246,0.24624624624624625,0.22053617682574808,0.2739003609334566
mineral_type,Obsidian,873,57,0.06529209621993128,0.0507345932350769,0.08365852610850971
mineral_type,Shale,607,36,0.05930807248764415,0.04314442772782408,0.08101456267062652
mineral_type,Emerald,561,419,0.7468805704099821,0.7093053265306312,0.7810977691952655
mineral_type,Basalt,493,22,0.04462474645030426,0.029651614611102932,0.0666395824525457
mineral_type,Jasper,444,33,0.07432432432432433,0.05340979625014281,0.10254150625902733
mineral_type,Diamond,385,278,0.7220779220779221,0.6753037685338851,0.7644641526096599
mineral_type,Slate,319,15,0.047021943573667714,0.02870003701203551,0.07612373297188606
mineral_type,Flint,154,5,0.032467532467532464,0.01394636101001754,0.07374580126540747
mineral_type,Chalk,47,1,0.02127659574468085,0.0037657680385967812,0.11112981041629329
mineral_type,__MISSING_FOR_EDA__,3,1,0.3333333333333333,0.06149194472039621,0.7923403991979522
