feature,category,count,percentage
geological_era,Triassic,26641,85.63759683692822
geological_era,Jurassic,2933,9.428139766627021
geological_era,Devonian,983,3.159857276029445
geological_era,Cambrian,298,0.957922144716963
geological_era,Permian,252,0.8100549680156869
geological_era,__MISSING_FOR_EDA__,2,0.006429007682664181
weather_pattern,Monsoon,14273,45.880613327332924
weather_pattern,Heatwave,10249,32.94544986981259
weather_pattern,Blizzard,4191,13.47198559902279
weather_pattern,Fog,987,3.1727152913947734
weather_pattern,Frost,978,3.1437847568227846
weather_pattern,Drizzle,404,1.2986595518981645
weather_pattern,Typhoon,24,0.07714809219197016
weather_pattern,__MISSING_FOR_EDA__,3,0.00964351152399627
region,Texas,27914,89.72966022694398
region,Arizona,608,1.954418335529911
region,Wyoming,553,1.777620624256646
region,Other,531,1.7069015397473402
region,South-Dakota,178,0.5721816837571121
region,Oregon,131,0.42110000321450386
region,Vermont,128,0.4114564916905076
region,Kentucky,123,0.3953839724838471
region,Rhode-Island,95,0.3053778649265486
region,Wisconsin,92,0.29573435340255233
region,Nevada,82,0.26358931498923144
region,Idaho,81,0.2603748111478993
region,Connecticut,80,0.25716030730656725
region,Tennessee,78,0.25073129962390306
region,Georgia,76,0.24430229194123887
region,Virginia,67,0.21537175736925004
region,Arkansas,65,0.20894274968658588
region,Iowa,61,0.1960847343212575
region,Missouri,59,0.18965572663859334
region,West-Virginia,54,0.17358320743193287
region,Nebraska,49,0.15751068822527245
region,__MISSING_FOR_EDA__,4,0.012858015365328362
personal_interest,Astronomy,3964,12.742293227040408
personal_interest,Beekeeping,3954,12.710148188627086
personal_interest,Falconry,3877,12.462631392844514
personal_interest,Archery,3559,11.44041917130091
personal_interest,Calligraphy,3443,11.067536725706386
personal_interest,Kite-flying,3153,10.13533061172008
personal_interest,Other,2636,8.47343212575139
personal_interest,Glassblowing,1925,6.187919894564274
personal_interest,Unknown,1767,5.680028287633804
personal_interest,Foraging,1481,4.760680189012826
personal_interest,Fencing,1344,4.320293162750329
personal_interest,__MISSING_FOR_EDA__,6,0.01928702304799254
brew_preference,Espresso,20775,66.78131730367419
brew_preference,Latte,10327,33.19618116943649
brew_preference,__MISSING_FOR_EDA__,7,0.022501526889324632
instrument,Cello,12572,40.41274229322704
instrument,Oboe,8064,25.92175897650198
instrument,Dulcimer,4779,15.36211385772606
instrument,Theremin,3236,10.402134430550644
instrument,Zither,1491,4.792825227426147
instrument,Sitar,964,3.098781703044135
instrument,__MISSING_FOR_EDA__,3,0.00964351152399627
species,Lynx,21720,69.81902343373301
species,Heron,2449,7.87231990742229
species,Orca,1948,6.261853482914911
species,Unknown,1760,5.657526760744479
species,Viper,1230,3.9538397248384713
species,Bison,1080,3.4716641486386575
species,Other,919,2.954129030184191
species,__MISSING_FOR_EDA__,3,0.00964351152399627
mineral_type,Marble,10076,32.38934070526214
mineral_type,Opal,6892,22.154360474460766
mineral_type,Sapphire,5121,16.461474171461635
mineral_type,Ruby,1668,5.361792407341927
mineral_type,Granite,1311,4.214214535986371
mineral_type,Onyx,1156,3.7159664405798964
mineral_type,Quartz,999,3.211289337490758
mineral_type,Obsidian,873,2.806261853482915
mineral_type,Shale,607,1.9512038316885787
mineral_type,Emerald,561,1.8033366549873027
mineral_type,Basalt,493,1.5847503937767207
mineral_type,Jasper,444,1.427239705551448
mineral_type,Diamond,385,1.2375839789128549
mineral_type,Slate,319,1.0254267253849367
mineral_type,Flint,154,0.49503359156514193
mineral_type,Chalk,47,0.15108168054260826
mineral_type,__MISSING_FOR_EDA__,3,0.00964351152399627
