feature_1,feature_2,pairwise_complete_n,pearson_r,spearman_r,abs_pearson_r
performance_score,stability_index,31105,0.8911052906986604,0.9999998790699204,0.8911052906986604
performance_score,composite_rank,31106,0.8799095812974655,0.8870027438650565,0.8799095812974655
stability_index,composite_rank,31106,0.8298878119360754,0.8869952955935665,0.8298878119360754
load_ratio,activity_duration,31105,0.7172386080257287,0.7113901303590571,0.7172386080257287
aptitude_score,composite_rank,31104,0.5064445401983877,0.47012734928352756,0.5064445401983877
aptitude_score,load_ratio,31103,-0.5040438223078513,-0.4744662492172154,0.5040438223078513
stability_index,activity_duration,31105,0.22282540128627004,0.1373609321236407,0.22282540128627004
load_ratio,composite_rank,31106,-0.18021197257044422,-0.15222243373274225,0.18021197257044422
stability_index,load_ratio,31105,0.14496648517675867,0.0980379202355983,0.14496648517675867
aptitude_score,activity_duration,31103,0.14307783597870136,0.15141578023810928,0.14307783597870136
activity_duration,composite_rank,31106,0.12881151219012818,0.16872613359650115,0.12881151219012818
aptitude_score,stability_index,31103,0.12833742251856053,0.06486731893307034,0.12833742251856053
index_weight,composite_rank,31105,-0.07852737154237269,-0.08154542884030362,0.07852737154237269
performance_score,activity_duration,31105,0.07047598681210782,0.13734108272588835,0.07047598681210782
performance_score,index_weight,31104,-0.06936959275453766,-0.0703845540520228,0.06936959275453766
performance_score,load_ratio,31105,0.06889251634555468,0.09803228553832222,0.06889251634555468
stability_index,index_weight,31104,-0.05610374223819279,-0.07036220156153458,0.05610374223819279
aptitude_score,index_weight,31102,-0.03886097753230395,-0.030937535509756694,0.03886097753230395
aptitude_score,performance_score,31103,0.03587386144100794,0.06486829291196813,0.03587386144100794
load_ratio,index_weight,31104,0.020868008133186663,0.01019067251804384,0.020868008133186663
index_weight,activity_duration,31104,-0.018117404094109793,-0.02003115951534611,0.018117404094109793
