,dtype,non_missing,missing_count,missing_pct,unique_non_missing,role
geological_era,string,31110,2,0.006428387760349704,5,categorical
weather_pattern,string,31109,3,0.009642581640524558,7,categorical
region,string,31108,4,0.012856775520699408,21,categorical
aptitude_score,float64,31108,4,0.012856775520699408,15148,numerical
performance_score,float64,31110,2,0.006428387760349704,24418,numerical
stability_index,float64,31110,2,0.006428387760349704,3788,numerical
personal_interest,string,31106,6,0.019285163281049116,11,categorical
load_ratio,float64,31110,2,0.006428387760349704,18799,numerical
brew_preference,string,31105,7,0.022499357161223966,2,categorical
instrument,string,31109,3,0.009642581640524558,6,categorical
species,string,31109,3,0.009642581640524558,7,categorical
index_weight,float64,31109,3,0.009642581640524558,3595,numerical
mineral_type,string,31109,3,0.009642581640524558,16,categorical
activity_duration,float64,31110,2,0.006428387760349704,9657,numerical
composite_rank,float64,31111,1,0.003214193880174852,4213,numerical
label,string,31109,3,0.009642581640524558,2,target
