,missing_count,missing_pct
brew_preference,7,0.022499357161223966
personal_interest,6,0.019285163281049116
region,4,0.012856775520699408
aptitude_score,4,0.012856775520699408
index_weight,3,0.009642581640524558
species,3,0.009642581640524558
instrument,3,0.009642581640524558
weather_pattern,3,0.009642581640524558
mineral_type,3,0.009642581640524558
label,3,0.009642581640524558
performance_score,2,0.006428387760349704
geological_era,2,0.006428387760349704
load_ratio,2,0.006428387760349704
stability_index,2,0.006428387760349704
activity_duration,2,0.006428387760349704
composite_rank,1,0.003214193880174852
