feature,status,n,yes_count,positive_rate
aptitude_score,observed,31105,7462,0.2398971226490918
aptitude_score,missing,4,2,0.5
performance_score,observed,31107,7464,0.23994599286334264
performance_score,missing,2,0,0.0
stability_index,observed,31107,7462,0.2398816986530363
stability_index,missing,2,2,1.0
load_ratio,observed,31107,7464,0.23994599286334264
load_ratio,missing,2,0,0.0
index_weight,observed,31106,7462,0.23988941040313766
index_weight,missing,3,2,0.6666666666666666
activity_duration,observed,31107,7464,0.23994599286334264
activity_duration,missing,2,0,0.0
composite_rank,observed,31108,7464,0.23993827954223995
composite_rank,missing,1,0,0.0
geological_era,observed,31107,7464,0.23994599286334264
geological_era,missing,2,0,0.0
weather_pattern,observed,31106,7463,0.23992155854176042
weather_pattern,missing,3,1,0.3333333333333333
region,observed,31105,7464,0.23996142099340942
region,missing,4,0,0.0
personal_interest,observed,31103,7462,0.23991254862874964
personal_interest,missing,6,2,0.3333333333333333
brew_preference,observed,31102,7463,0.23995241463571473
brew_preference,missing,7,1,0.14285714285714285
instrument,observed,31106,7464,0.2399537066803832
instrument,missing,3,0,0.0
species,observed,31106,7463,0.23992155854176042
species,missing,3,1,0.3333333333333333
mineral_type,observed,31106,7463,0.23992155854176042
mineral_type,missing,3,1,0.3333333333333333
