mean_fit_time,std_fit_time,mean_score_time,std_score_time,param_model__min_samples_split,param_model__min_samples_leaf,param_model__max_depth,param_model__criterion,param_model__class_weight,param_model__ccp_alpha,params,split0_test_average_precision,split1_test_average_precision,split2_test_average_precision,split3_test_average_precision,split4_test_average_precision,mean_test_average_precision,std_test_average_precision,rank_test_average_precision,split0_train_average_precision,split1_train_average_precision,split2_train_average_precision,split3_train_average_precision,split4_train_average_precision,mean_train_average_precision,std_train_average_precision,split0_test_roc_auc,split1_test_roc_auc,split2_test_roc_auc,split3_test_roc_auc,split4_test_roc_auc,mean_test_roc_auc,std_test_roc_auc,rank_test_roc_auc,split0_train_roc_auc,split1_train_roc_auc,split2_train_roc_auc,split3_train_roc_auc,split4_train_roc_auc,mean_train_roc_auc,std_train_roc_auc,split0_test_accuracy,split1_test_accuracy,split2_test_accuracy,split3_test_accuracy,split4_test_accuracy,mean_test_accuracy,std_test_accuracy,rank_test_accuracy,split0_train_accuracy,split1_train_accuracy,split2_train_accuracy,split3_train_accuracy,split4_train_accuracy,mean_train_accuracy,std_train_accuracy,split0_test_balanced_accuracy,split1_test_balanced_accuracy,split2_test_balanced_accuracy,split3_test_balanced_accuracy,split4_test_balanced_accuracy,mean_test_balanced_accuracy,std_test_balanced_accuracy,rank_test_balanced_accuracy,split0_train_balanced_accuracy,split1_train_balanced_accuracy,split2_train_balanced_accuracy,split3_train_balanced_accuracy,split4_train_balanced_accuracy,mean_train_balanced_accuracy,std_train_balanced_accuracy,split0_test_precision,split1_test_precision,split2_test_precision,split3_test_precision,split4_test_precision,mean_test_precision,std_test_precision,rank_test_precision,split0_train_precision,split1_train_precision,split2_train_precision,split3_train_precision,split4_train_precision,mean_train_precision,std_train_precision,split0_test_recall,split1_test_recall,split2_test_recall,split3_test_recall,split4_test_recall,mean_test_recall,std_test_recall,rank_test_recall,split0_train_recall,split1_train_recall,split2_train_recall,split3_train_recall,split4_train_recall,mean_train_recall,std_train_recall,split0_test_f1,split1_test_f1,split2_test_f1,split3_test_f1,split4_test_f1,mean_test_f1,std_test_f1,rank_test_f1,split0_train_f1,split1_train_f1,split2_train_f1,split3_train_f1,split4_train_f1,mean_train_f1,std_train_f1
7.054214859008789,0.6001134350825922,0.5893996715545654,0.07901040055834499,10,5,12,entropy,,0.0001,"{'model__min_samples_split': 10, 'model__min_samples_leaf': 5, 'model__max_depth': 12, 'model__criterion': 'entropy', 'model__class_weight': None, 'model__ccp_alpha': 0.0001}",0.6065304734369118,0.5992545545080651,0.5943572950094306,0.60939752272063,0.5995413295674088,0.6018162350484892,0.005423525698214032,19,0.8015096836418176,0.7923077927068247,0.7956637812097884,0.7946878748050831,0.7877022364085547,0.7943742737544137,0.004504701446761831,0.8393747547057198,0.836378676723136,0.8322202703332404,0.8320635511005967,0.8342273190858753,0.8348529143897137,0.0027523706985975,19,0.9304755001255629,0.9269926853408165,0.9279891267297117,0.928599153857729,0.9278803169637627,0.9283873566035166,0.00116327001209778,0.8132433301189328,0.8151719704275152,0.8146898103503697,0.8127611700417872,0.8215720945185662,0.8154876750914342,0.0031694583602394316,9,0.8603688672801061,0.8625788564310685,0.8589625105476755,0.8591634186523084,0.8619414979106397,0.8606030301643596,0.0014501036872421565,0.7233709379231792,0.7271605265256331,0.7199683672178774,0.7347411908990387,0.728947705589322,0.72683774563101,0.005024493628261973,17,0.7874613328982519,0.7957344733350122,0.7756481607957882,0.7922842843462157,0.7866884114306887,0.7875633325611913,0.00680884918935677,0.6260472201066261,0.6296296296296297,0.6342812006319115,0.6156558533145275,0.6513470681458003,0.6313921943656992,0.011711969593059595,8,0.738440962934658,0.7354624330810412,0.7516874616485989,0.7258241758241758,0.7470771628994544,0.7396984392775857,0.009057620011077848,0.550569323509712,0.5579370395177495,0.5378432685867381,0.5847287340924313,0.5509383378016086,0.556403340701648,0.015575997130232404,15,0.6472952604253894,0.6672249204488361,0.6154747948417351,0.663707921621169,0.6419959812458138,0.6471397757165886,0.018477393260348588,0.5858873841767641,0.5916193181818182,0.5820949619427329,0.5997938852627963,0.5969498910675382,0.5912690881263301,0.006605962125229684,19,0.6898705934850513,0.6996838777660696,0.6767955801104972,0.6933776572478348,0.6905619596541787,0.6900579336527263,0.007481423993448955
7.617696237564087,1.313930614774695,0.2388002395629883,0.12421379723057172,30,1,20,gini,,0.0001,"{'model__min_samples_split': 30, 'model__min_samples_leaf': 1, 'model__max_depth': 20, 'model__criterion': 'gini', 'model__class_weight': None, 'model__ccp_alpha': 0.0001}",0.6175603595136536,0.6225114539144682,0.6079676155046645,0.6266898696110148,0.641052630751375,0.6231563858590352,0.010910465449477758,15,0.7896340491245645,0.7786430137290069,0.7859040337218645,0.7753962613873804,0.7671827978267125,0.7793520311579056,0.007910621860836525,0.8548362082188863,0.8521282160195808,0.8514026194277743,0.8508132049798334,0.8609315942870328,0.8540223685866215,0.0037188537315659526,15,0.9140189468311614,0.913173974130763,0.9157396676096304,0.9117251320339844,0.9118281255997361,0.913297169241055,0.0014920675859884452,0.8179042108646737,0.8148505303760849,0.8159755705560913,0.8183863709418193,0.827037453785565,0.8188308273048468,0.004298840132460985,5,0.8718608108651102,0.869449913609515,0.8725840800417889,0.8656728412424157,0.8673657987785278,0.8693866889074716,0.00261630458022503,0.734916251876488,0.7120533023851208,0.7274600139340607,0.7320251254993169,0.7369009567910508,0.7286711300972074,0.008894941021000016,15,0.8093474251155202,0.789309121634244,0.8015139272395702,0.7939876297855935,0.7990796941021872,0.798647559575423,0.006808983701534909,0.6325478645066274,0.6426778242677824,0.6322188449848024,0.6367746797287114,0.6642969984202212,0.6417032423816289,0.011912120630878223,5,0.7553230543318649,0.7798108552631579,0.7723735408560312,0.7523041474654378,0.7517436380772856,0.7623110471987554,0.011559734279078799,0.5753516409912927,0.5144005358338914,0.5572672471533825,0.565974547890154,0.5636729222520107,0.5553333788241462,0.021273226205015906,17,0.6891642940880924,0.6352369787305309,0.6648802545637247,0.6561714955618825,0.667782987273945,0.6626472020436351,0.017480126432584096,0.6025955804980708,0.5714285714285714,0.5923816304734781,0.599290780141844,0.6098622189992748,0.5951117563082479,0.013110261991462533,15,0.7207286102110517,0.7001384402399631,0.7146071460714607,0.7009571518024869,0.7072803050456682,0.7087423306741261,0.007935243113943048
6.791181850433349,2.1904842106459013,0.21061382293701172,0.10711313036670392,2,10,20,gini,,0.0,"{'model__min_samples_split': 2, 'model__min_samples_leaf': 10, 'model__max_depth': 20, 'model__criterion': 'gini', 'model__class_weight': None, 'model__ccp_alpha': 0.0}",0.5994711320950251,0.5977683031363558,0.5825472924236471,0.6019301884861012,0.6073690366725973,0.5978171905627453,0.0082953266093014,21,0.8425100527974767,0.8371763403878892,0.8497318275835531,0.8401474537728397,0.8373602356930752,0.8413851820469667,0.004612555440582485,0.8214641471294036,0.8226606095946163,0.8258349353442874,0.8287686230675131,0.8234076489993577,0.8244271928270356,0.0025988336332934975,21,0.9445359786653325,0.9430121415062491,0.9468098239963588,0.942804708731945,0.9434596507108595,0.9441244607221491,0.0014697955393084565,0.8084217293474767,0.8076181292189006,0.8002250080360013,0.8068145290903247,0.8111236135669506,0.8068406018519308,0.003611522217592412,10,0.8773255113111262,0.8737493470486599,0.880861493952666,0.8742717081207055,0.8751205400192864,0.8762657200904889,0.0026024584238897065,0.7142407147926668,0.7070662598717891,0.7019734867600221,0.7136417399758115,0.7112938845762017,0.7096432171952982,0.004589451936418118,21,0.8120253787788507,0.8025670011668082,0.8105692943751286,0.7999307438904589,0.8077332620247841,0.8065651360472061,0.004630600278892663,0.616576297443842,0.6195476575121163,0.5975039001560063,0.6114942528735632,0.6285482562854826,0.614734072854202,0.010244719003342598,10,0.7763257575757576,0.776215582893966,0.7970355731225296,0.783972821742606,0.7734912146676852,0.7814081900005089,0.00855879927969585,0.5331547220361688,0.5137307434695244,0.5130609511051574,0.5344943067649028,0.5194369973190348,0.5227755441389577,0.009299294200488155,22,0.6864846759336795,0.6657176352369787,0.6754312510467259,0.6570088762351365,0.6781647689216342,0.672561441474831,0.010219682114501636,0.5718390804597702,0.5616990113511534,0.5520720720720721,0.5704074338813439,0.5688073394495413,0.5649649874427761,0.007328450225989731,21,0.7286463425473291,0.7167327803822575,0.7312120387997462,0.7148974943052392,0.7226980728051392,0.7228373457679422,0.006390716449912758
1.7443097114562989,0.5322601113326857,0.3737999439239502,0.1603955623871901,2,10,4,entropy,balanced,0.0,"{'model__min_samples_split': 2, 'model__min_samples_leaf': 10, 'model__max_depth': 4, 'model__criterion': 'entropy', 'model__class_weight': 'balanced', 'model__ccp_alpha': 0.0}",0.5989405613434772,0.5945292002283225,0.5835417764426604,0.6042514033539086,0.610452409802987,0.5983430702342711,0.009116198802094029,20,0.6054004238391842,0.609730093571165,0.6064178574004153,0.6066874687816614,0.5926468600339897,0.6041765407252832,0.005943090712318176,0.8618266083337806,0.8610080991196387,0.8535243839687768,0.8615249963989275,0.8697321075764901,0.8615232390795228,0.005132730467384372,13,0.8645570714858901,0.8676852257186254,0.8657345129994806,0.8656831882398817,0.8620938914624774,0.865150777981271,0.001830009572640445,0.7581163612986178,0.7849566055930569,0.7560270009643202,0.7619736419157827,0.7690081980389005,0.7660163615621356,0.010452031772916957,20,0.7645758829911199,0.7800859886687829,0.7659822397235504,0.7675895045606139,0.7612905818064931,0.767904839550112,0.0064343853998757574,0.7952714981891245,0.7923036055904504,0.7886261919832553,0.7952882111303372,0.8056279717242931,0.7954234957234922,0.00565879471622377,4,0.798713717591606,0.7959656959366479,0.8003838307582298,0.7987477821099012,0.7954117700463585,0.7978445592885487,0.0018691034326411167,0.4976923076923077,0.534398579671549,0.4951305025321387,0.5023492560689116,0.5107463853067604,0.5080634062543334,0.014200076985164185,20,0.505484818805093,0.5265685019206146,0.5072051759631409,0.5092877719280818,0.5015117526577587,0.5100116042549379,0.008663372287845961,0.8667113194909578,0.8064300066979236,0.8513060951105157,0.8593436034829203,0.8760053619302949,0.8519592773425224,0.024181424013306658,3,0.864344330932842,0.8264947245017585,0.8665215206833027,0.8586501423547145,0.8610180843938379,0.8554057605732911,0.014705987633856714,0.632299047153677,0.6428190069407368,0.6261083743842365,0.6340499135161848,0.6452727721550234,0.6361098228299716,0.007039417595431786,6,0.6379086583029479,0.6432900997197419,0.639871382636656,0.6393565282454171,0.6338366718027735,0.6388526681415072,0.003067045062725364
3.6722308158874513,0.9175500123913521,0.46320209503173826,0.1808732247494802,2,20,8,entropy,balanced,0.0001,"{'model__min_samples_split': 2, 'model__min_samples_leaf': 20, 'model__max_depth': 8, 'model__criterion': 'entropy', 'model__class_weight': 'balanced', 'model__ccp_alpha': 0.0001}",0.6623960135742579,0.6602778230108891,0.6438816726489996,0.6602883348180012,0.6776907307552371,0.660906914961477,0.010719619033829736,2,0.7014282910233531,0.7052441743408381,0.7005330937870312,0.7048535117457446,0.6885158418473104,0.7001149825488555,0.006086081309999536,0.871807987567838,0.8701037632869653,0.8672478332309076,0.8670579713860282,0.8776471625365594,0.8707729436016596,0.0038730201641439376,4,0.8962254840384337,0.8967606134945817,0.8967553455573795,0.8961987636443558,0.8936457778153268,0.8959171969100155,0.0011616806939388307,0.7635808421729348,0.7868852459016393,0.7565091610414658,0.7600450016072002,0.7649895515190483,0.7664019604484575,0.010656425255040337,18,0.7817736167476996,0.7935066500582634,0.7812110740547273,0.7773134568248483,0.7693265830922533,0.7806262761555584,0.007825857731054943,0.7892413840184908,0.7951765318579112,0.7880267214435676,0.7951652718678568,0.8050492171683815,0.7945318252712414,0.006028890079431043,5,0.8150124629655161,0.8135046243989107,0.8193987555414715,0.8158605964282359,0.813015950094591,0.815358477885745,0.0022636210855208547,0.5044319097502015,0.5370288248337028,0.4956964006259781,0.5,0.5057647963105304,0.5085843863040825,0.01465654185395972,18,0.5271193250301326,0.5445300792121601,0.5259471191791634,0.5210314736738896,0.5110178384050367,0.5259291671000765,0.010897209311796401,0.8385800401875418,0.8111185532484929,0.8486269256530475,0.8626925653047556,0.8820375335120644,0.8486111235811805,0.023756799430011893,6,0.8789147546474627,0.851951096968682,0.8928152738234801,0.8899681795344163,0.8970194239785666,0.8821337457905216,0.016238294258979182,0.629937106918239,0.6462113127001067,0.625833539145468,0.6330793806832146,0.6428920371275036,0.6355906753149064,0.007740529250100283,7,0.6590067181515665,0.6644027950107751,0.6619482212702552,0.6572665429808286,0.6511090853843816,0.6587466725595614,0.004535036504115509
7.028442811965943,2.7667549193918566,0.3581045150756836,0.15915611801275759,30,5,,entropy,,0.0,"{'model__min_samples_split': 30, 'model__min_samples_leaf': 5, 'model__max_depth': None, 'model__criterion': 'entropy', 'model__class_weight': None, 'model__ccp_alpha': 0.0}",0.576676513178061,0.5565816023023292,0.5520312615576874,0.5685319604664418,0.5687340157637948,0.5645110706536629,0.008951211264526429,23,0.8730116816617293,0.8761982235845661,0.874551806580634,0.8777884697451567,0.87457430631745,0.8752248975779071,0.0016305772562102984,0.8163776059618176,0.8139860265647952,0.8073171381156046,0.8147039040439228,0.8085045243058487,0.8121778397983977,0.0035891013732969592,23,0.95539680511207,0.9565241569538595,0.9558997868707706,0.9567806523735518,0.9556989810558812,0.9560600764732265,0.0005158705024030267,0.803921568627451,0.7955641272902604,0.796046287367406,0.7945998071359691,0.7915126185500724,0.7963288817942318,0.0041109534957147155,11,0.8907059910796802,0.8912283521517258,0.8911881705307992,0.8917908948446981,0.8917148826743813,0.891325658256257,0.0003950441730353059,0.7085302710315015,0.7048656045828585,0.7093077768856341,0.7062937112459824,0.6995417017920911,0.7057078131076135,0.003464088004606864,22,0.8320593129710354,0.8360704841498128,0.8370755490191031,0.8386181471175671,0.8371550672008954,0.8361957120916829,0.0022220776953911043,0.6054054054054054,0.5810711665443874,0.5802292263610315,0.5775054073540015,0.5714285714285714,0.5831279554186795,0.011639642786801945,11,0.8044577636261472,0.7992299229922992,0.7971225641959571,0.7971356055112401,0.7995977326750777,0.7995087178001443,0.0026797050486664135,0.5251172136637642,0.5304755525787006,0.5425318151373074,0.5365036838580041,0.5227882037533512,0.5314832937982256,0.007272155796802709,21,0.7193099983252387,0.7300284709428906,0.7330430413666053,0.7363925640596215,0.7322505023442732,0.7302049154077259,0.005818190983393145,0.5624103299856528,0.5546218487394958,0.5607476635514018,0.55625,0.5460273013650683,0.5560114287283238,0.0057454069586603046,22,0.7595048629531388,0.7630634573304158,0.7637410574070843,0.7655610690345608,0.7644436675115811,0.7632628228473561,0.0020526591109114333
7.5843606948852536,2.234050623904638,0.1996006965637207,0.12890002089415709,2,5,,entropy,,0.0,"{'model__min_samples_split': 2, 'model__min_samples_leaf': 5, 'model__max_depth': None, 'model__criterion': 'entropy', 'model__class_weight': None, 'model__ccp_alpha': 0.0}",0.5163331814755511,0.5155126259532066,0.5019625670869774,0.507551841438364,0.49531134254180725,0.5073343116991813,0.008016473389402505,24,0.9358751720338553,0.934947654424501,0.935585110622961,0.9364096268326443,0.9345282973626949,0.9354691722553314,0.000666327059139358,0.7759373870902726,0.7762375118566279,0.7702087432193969,0.769001445669415,0.7606848848330166,0.7704139945337458,0.005676516842367195,24,0.9793419259203016,0.9793338425141408,0.9793190258874047,0.9796925447692323,0.9794312646300201,0.9794237207442199,0.00014003768717196346,0.78351012536162,0.7868852459016393,0.7796528447444552,0.7798135647701704,0.7791351872689278,0.7817993936093626,0.002981331256316676,12,0.9253023666974726,0.9259050910113714,0.9247398240045004,0.9253425483183991,0.9251848280295725,0.9252949316122633,0.0003727960242901989,0.6923524980252527,0.6968644964298749,0.6898149636628081,0.6912956877637334,0.6893359353076136,0.6919327162378565,0.0026882196732058695,23,0.887023469040944,0.889024510481141,0.8885444907310689,0.8909466700952822,0.891199354653853,0.8893476990004577,0.0015580100428796277,0.5522174535050072,0.5597709377236937,0.5428973277074542,0.5429169574319609,0.5414325842696629,0.5478470521275558,0.007088447775814353,12,0.8670117815066047,0.8656742867269183,0.8606124604012672,0.8584626111207948,0.8571428571428571,0.8617807993796884,0.003909176773114736,0.5170797052913597,0.5237776289350301,0.5170797052913597,0.521098459477562,0.5167560321715817,0.5191583062333787,0.002811206902852004,23,0.8134315859989951,0.8181209177692179,0.8189582984424719,0.8248199631552504,0.825853985264568,0.8202369501261007,0.004582152684886208,0.5340712556208924,0.5411764705882353,0.5296740994854202,0.531784005468216,0.5288065843621399,0.5331024831049808,0.004428876552752348,23,0.8393674933033786,0.8412261064232822,0.8392688578048572,0.8413050905363854,0.84120757291489,0.8404750241965587,0.0009456452091943076
3.206413173675537,1.0608789342697273,0.27740044593811036,0.1759173809847583,10,1,8,gini,balanced,0.0,"{'model__min_samples_split': 10, 'model__min_samples_leaf': 1, 'model__max_depth': 8, 'model__criterion': 'gini', 'model__class_weight': 'balanced', 'model__ccp_alpha': 0.0}",0.6481536830892911,0.6389807258204818,0.6273617266497514,0.6298049609860884,0.6610201474295272,0.641064248795028,0.012388460049698454,11,0.6937317650310107,0.6974123494249792,0.6861308017155873,0.6891886818517305,0.6948240378303513,0.6922575271707319,0.004056775150342363,0.8621180933593394,0.8595866493059809,0.8575381101091059,0.8597787773123806,0.8670150721377481,0.861207340444911,0.003246225560115883,14,0.8992025635712527,0.9006809459579055,0.9001769814411723,0.9011704612754556,0.9004410091953753,0.9003343922882323,0.0006536501176625192,0.7642237222757956,0.7827065252330441,0.7708132433301189,0.7639022822243652,0.7792959331297219,0.7721883412386091,0.007682901541731167,14,0.792461927914172,0.7914975690119339,0.8057620444408727,0.7941093743721622,0.7944792671166827,0.7956620365711646,0.005165333443704796,0.7912684654984699,0.7981566758923047,0.781624319425664,0.7931194945553345,0.8009252277743226,0.793018836629219,0.006660591064586355,9,0.8259403161661856,0.8223833562720273,0.8266667647063719,0.8281128577367618,0.8253232254503535,0.8256853040663399,0.0018950078175194434,0.5052166934189406,0.5302445302445302,0.5143838557320739,0.5047770700636943,0.5248434237995825,0.5158931146517644,0.010255744180400723,14,0.5410136372888256,0.5401107919573246,0.5616928920238741,0.5431131019036954,0.5441343083736739,0.5460129463094787,0.007970289735745099,0.8432685867381112,0.8278633623576691,0.8024112525117214,0.8492967180174146,0.8424932975871313,0.8330666434424095,0.016871181957665394,10,0.890303131803718,0.8817618489365265,0.8668564729526043,0.8934851783620834,0.8846282652377763,0.8834069794585415,0.00924385492421137,0.6318695106649937,0.6464435146443515,0.6268969126111983,0.6332084893882647,0.6467712889117572,0.637037943244113,0.008092227205257135,5,0.6730391846553143,0.6698899421082766,0.6816804951929408,0.675573002405977,0.6738090682992156,0.6747983385323449,0.0039020460743340716
7.010119009017944,2.5708156283495835,0.2742011070251465,0.14825034112253485,10,5,20,gini,,0.0001,"{'model__min_samples_split': 10, 'model__min_samples_leaf': 5, 'model__max_depth': 20, 'model__criterion': 'gini', 'model__class_weight': None, 'model__ccp_alpha': 0.0001}",0.6168945880417662,0.6142158888050493,0.606480305410128,0.6048420224240395,0.6318565703854218,0.6148578750132809,0.009633451781702025,16,0.7945546333178378,0.7890541831145867,0.79637688704886,0.788605793020163,0.7884795257025932,0.7914142044408081,0.003363323560536611,0.8473079488306395,0.8422492389592257,0.8545139175601598,0.850844010613001,0.8545431842881495,0.8498916600502351,0.004668855911611124,16,0.9163004550187399,0.9178102856624386,0.918475984704956,0.9164311751176007,0.9186120305982793,0.9175259862204028,0.0009862407171862574,0.8207971713275474,0.8146898103503697,0.8124397299903569,0.8127611700417872,0.8214113486577721,0.8164198460735668,0.003906311108249001,7,0.8742717081207055,0.8733475308393941,0.8764816972716679,0.8711777233093583,0.8742767598842816,0.8739110838850814,0.0017123477468802416,0.7324652565571029,0.709426750365454,0.7196339667585265,0.7342828597315421,0.727924414810901,0.7247466496447054,0.009180993706140051,20,0.8125952412058295,0.7964002166459094,0.8045363375933563,0.8075800454646885,0.8070635935911252,0.8056350869001818,0.005305795355922399,0.6451612903225806,0.6448040885860307,0.6263565891472869,0.615983026874116,0.651792828685259,0.6368195647230546,0.01342513171933471,7,0.7609254498714653,0.7861928934010153,0.7863214073927653,0.7551208710094113,0.7706072720350277,0.7718335787419368,0.012774136368782336,0.5626255860683188,0.507032819825854,0.5411922304085733,0.5833891493636972,0.5482573726541555,0.5484994316641199,0.02525776838719623,18,0.694021101992966,0.648467593367945,0.6662200636409311,0.6853123429911238,0.6778298727394507,0.6743701949464833,0.015844415614630403,0.6010733452593918,0.567679040119985,0.5806683435141933,0.5992432060543516,0.5955587914088096,0.5888445452713463,0.012787381904893955,20,0.7259350091968118,0.71071953010279,0.7213055303717135,0.7185250219490782,0.7212472160356348,0.7195464615312056,0.005015146809567828
3.752511167526245,0.6087025751608854,0.45940022468566893,0.09131084073794923,2,10,8,gini,balanced,0.0001,"{'model__min_samples_split': 2, 'model__min_samples_leaf': 10, 'model__max_depth': 8, 'model__criterion': 'gini', 'model__class_weight': 'balanced', 'model__ccp_alpha': 0.0001}",0.6607527483942455,0.6445494606565108,0.6398555717777459,0.6433701866727478,0.6695646826408573,0.6516185300284214,0.011505411209065966,5,0.6835685030877203,0.6918600150130152,0.6776620246455948,0.6811709998571943,0.6855429111754268,0.6839608907557903,0.004743672126560125,0.8701221758493183,0.8648961241131342,0.8688625441317251,0.8643431807021619,0.8730702748485332,0.8682588599289746,0.003274954361154854,6,0.8947369154975772,0.8971749079810895,0.8961196516227249,0.8978903204141793,0.8955592635230002,0.8962962118077142,0.001124185079992049,0.7639022822243652,0.7775634844101575,0.7782063645130183,0.7610093217614915,0.7768847452178106,0.7715132396253686,0.007463449847063249,15,0.7877204966448347,0.7861935950496243,0.803391328806204,0.7887652187889259,0.7907023465123755,0.7913545971603929,0.006194446695488944,0.7928903289715861,0.7954607934936236,0.7892379139586627,0.7925913372859912,0.7997980488877878,0.7939956845195303,0.003511249330867055,7,0.821274017233999,0.8183784977642166,0.8226431054176386,0.8237377340730425,0.8204896091537062,0.8213045927285206,0.0018405954389577254,0.5047808764940239,0.5230054875474884,0.5244906805374946,0.5011801730920535,0.5215410107705054,0.5149996456883132,0.009923343894131138,15,0.5347826086956522,0.5329547759075238,0.5586634740966478,0.535966149506347,0.5392449336488015,0.5403223883709944,0.009396850787186418,0.8486269256530475,0.8298727394507702,0.8104487608841259,0.8533154722036169,0.8438337801608579,0.8372195356704838,0.015515190921334378,9,0.8857812761681461,0.8802545637246693,0.8596549991626193,0.8909730363423212,0.8777628935030141,0.878885353780154,0.010645252528399537,0.6330252310766925,0.6416364577938892,0.6368421052631579,0.6314745972738538,0.6446492575524834,0.6375255297920154,0.004999615349103944,4,0.6669188575751844,0.663929766942462,0.6772214526024144,0.6693086745926905,0.6680685656024979,0.66908946346305,0.004439674119319646
5.433798885345459,1.0410946141029356,0.23180046081542968,0.10182033210673086,10,20,12,entropy,balanced,0.001,"{'model__min_samples_split': 10, 'model__min_samples_leaf': 20, 'model__max_depth': 12, 'model__criterion': 'entropy', 'model__class_weight': 'balanced', 'model__ccp_alpha': 0.001}",0.6484309606774437,0.6410165139531834,0.6354633693794103,0.6470708048591326,0.672808951942885,0.6489581201624111,0.012789678969190676,7,0.6476329980609686,0.666108627497869,0.6604332412951494,0.6583429413781448,0.6589107795927882,0.658285717564984,0.0059947341546440465,0.8786711285498534,0.8733537929949265,0.8692761186091944,0.8750092948031108,0.8820485884539919,0.8756717846822154,0.004390357907959874,1,0.8794425134183658,0.881295295627605,0.8817969891764519,0.8832624186351604,0.8803458661743808,0.8812286166063927,0.0012987114449316546,0.7682417229186757,0.7730633236901318,0.7606878817100611,0.7672774027643845,0.7746343031666935,0.7687809268499892,0.004912222352334408,16,0.7734560212158959,0.7657411499979909,0.7751436492948125,0.7734962028368224,0.7715364834458374,0.7718747013582717,0.0032726351398946556,0.8017033603067929,0.7989169730823917,0.7905465514191341,0.8001523143811885,0.807952202399546,0.7998542803178106,0.005596367129759671,1,0.8070194661169643,0.7997094861011276,0.8072127507170681,0.8047536820579089,0.8035270891990918,0.8044444948384321,0.002744130291403814,0.5100591715976331,0.5165103954341622,0.5007911392405063,0.5088827477299644,0.5179140127388535,0.5108314933482239,0.0061255989225511825,16,0.5165260545905708,0.5069192266169399,0.5187481251874813,0.5167100260156093,0.5142345212024686,0.5146275907226141,0.004110787927318101,0.8660415271265908,0.8486269256530475,0.8479571332886805,0.8633623576691226,0.8719839142091153,0.8595943715893114,0.009643386185132281,2,0.8715458047228269,0.8650142354714453,0.868866186568414,0.8648467593367946,0.8650368385800402,0.8670619649359042,0.0027041266056589304,0.6420059582919563,0.6421692853522555,0.629694105943795,0.6403378042722305,0.6498501498501499,0.6408114607420774,0.006462017347908925,2,0.648635173875109,0.6392326732673267,0.6496368645128976,0.6469151268399624,0.6450243476089399,0.6458888372208472,0.003679543581697108
3.0463999271392823,1.1036454783214067,0.23940176963806153,0.1420176025615745,10,5,8,entropy,balanced,0.0001,"{'model__min_samples_split': 10, 'model__min_samples_leaf': 5, 'model__max_depth': 8, 'model__criterion': 'entropy', 'model__class_weight': 'balanced', 'model__ccp_alpha': 0.0001}",0.6616755859171217,0.6470143675960153,0.6427452097212484,0.6543107016754697,0.6619675802518393,0.6535426890323389,0.007706064981147313,4,0.7021212365523369,0.7105836873287523,0.7025738106643016,0.711642050585992,0.6948665814006185,0.7043574733064002,0.006165874530068744,0.8660947111047721,0.8641125987674632,0.8640332831142498,0.862162850049367,0.8727653427003652,0.8658337571472433,0.0036822446165676826,9,0.8976981956456275,0.8992144584849187,0.8978164984639404,0.8987057970930833,0.8972741812535471,0.8981418261882232,0.0007105008296438245,0.7606878817100611,0.7807778849244615,0.7524911603985857,0.7553841208614593,0.766114772544607,0.7630911640878348,0.009994965350067643,23,0.7784385422107928,0.7908144814561819,0.7799654438060032,0.774219472013501,0.7749919639987143,0.7796859806970386,0.0059564123682604815,0.7916923793378757,0.7920754314523674,0.7856126220664361,0.793244912431978,0.8044129910874491,0.7934076672752213,0.006109393360288587,8,0.8155692130983832,0.8159742377861503,0.819725451757931,0.8176074399776547,0.8168002450853684,0.8171353175410976,0.0014727360747763705,0.5007880220646178,0.5280312907431551,0.4909020518776616,0.4944550669216061,0.5071622144792877,0.5042677292172657,0.013115814387753808,23,0.5225456339417859,0.5400230197760804,0.5242480650533947,0.5169100691775558,0.5179814385150812,0.5243416452927796,0.008304462336973588,0.8513060951105157,0.8137977227059612,0.8492967180174146,0.8660415271265908,0.8780160857908847,0.8516916297502736,0.021636677059079717,4,0.8869536091107018,0.864344330932842,0.8961647965164964,0.9010216044213699,0.8971868720696584,0.8891342426102137,0.013227832654676891,0.6306127511783677,0.6404849762783342,0.6221786064769381,0.6295034079844206,0.6429447852760736,0.6331449054388268,0.0076137547449887264,9,0.6576431143673165,0.6647346728490469,0.6615156385214489,0.6569387630502472,0.6567786222113263,0.6595221621998771,0.0031265315832248314
5.2034289836883545,0.8515568914819038,0.3194003105163574,0.09559174045721272,2,5,12,gini,,0.0,"{'model__min_samples_split': 2, 'model__min_samples_leaf': 5, 'model__max_depth': 12, 'model__criterion': 'gini', 'model__class_weight': None, 'model__ccp_alpha': 0.0}",0.5928063559432443,0.5938368131583057,0.5959614261344763,0.587478109358277,0.6122590496717779,0.5964683508532163,0.008375712284298172,22,0.8091208955759163,0.803621977463143,0.8076173307804362,0.806718511637547,0.8001260331348417,0.8054409497183768,0.0032083577996935993,0.8115187432094825,0.8249392350033574,0.8311380365721643,0.8204746843555681,0.8320458814105198,0.8240233161102184,0.007546878022440448,22,0.9334038977210602,0.931969482689275,0.9337740699133709,0.9329449497197971,0.9327617528093675,0.932970830570574,0.0006131592789311766,0.8199935711989714,0.8177434908389586,0.8121182899389264,0.8081002892960463,0.8217328403793602,0.8159376963304525,0.0050854207989155685,8,0.8684051914654237,0.8671595612166995,0.8688070076746895,0.8654317515168561,0.8688926390228222,0.8677392301792981,0.0013095403054833605,0.727124126306212,0.7366438459480394,0.7327141094190596,0.7303000100419282,0.7336412370876861,0.7320846657605852,0.003206156119397478,14,0.7991660696042715,0.8123864848069681,0.8046451891125709,0.8016225706973995,0.8012299627060631,0.8038100553854546,0.004631655457715418,0.6474308300395257,0.6305454545454545,0.6150568181818182,0.6041811846689895,0.6471944657955419,0.6288817506462661,0.017224624874780152,9,0.7563712438189426,0.7305762242602526,0.7491712707182321,0.7389719285453883,0.7552289429055964,0.7460639220496824,0.00990009353262887,0.5485599464166109,0.5807099799062291,0.580040187541862,0.5807099799062291,0.564343163538874,0.5708726514619611,0.012791253250527334,14,0.6660525875062804,0.7070842404957294,0.6812929157595042,0.678948249874393,0.6711319490957803,0.6809019885463374,0.014180540315090773,0.5939086294416244,0.604602510460251,0.5970355049982765,0.5922131147540983,0.6029359112065878,0.5981391341721676,0.004878876443019379,14,0.7083444652239737,0.7186382978723405,0.713621612139286,0.707689622065113,0.7107013033070307,0.7117990601215488,0.004003089954998955
4.259030151367187,0.9965090734380645,0.24020013809204102,0.11274544753586004,30,5,12,entropy,,0.0,"{'model__min_samples_split': 30, 'model__min_samples_leaf': 5, 'model__max_depth': 12, 'model__criterion': 'entropy', 'model__class_weight': None, 'model__ccp_alpha': 0.0}",0.6338294970241056,0.6153862291087675,0.6232834785088089,0.630095232073066,0.6298606492311087,0.6264910171891713,0.006508497430463899,14,0.7830152457772764,0.7753187027776739,0.7801359487509835,0.779828215741944,0.7682424986363053,0.7773081223368367,0.00515872182280541,0.8499202665232565,0.8462449774424866,0.8418770927470509,0.8427716600072206,0.84793771475642,0.845750342295287,0.0030427665213001993,18,0.9234898214068357,0.9211026268892019,0.9224234625388044,0.9225820982779991,0.9207649105992198,0.9220725839424123,0.0010042020648961566,0.8209578913532626,0.8167791706846673,0.8143683702989393,0.8154934104789456,0.8236617907088892,0.8182521267049407,0.003505689816344568,6,0.8542210792783381,0.8581186965082171,0.8543818057620445,0.8538192630690722,0.8559546769527483,0.8552991043140841,0.001585773019538967,0.7279876754805714,0.728217832509985,0.719069409269762,0.7340177896512052,0.7330748839089367,0.728473518164092,0.00530377592671315,16,0.7757382115340803,0.7899351783426054,0.7695976516014051,0.7807459834679205,0.777937469380263,0.7787908988652548,0.006672036539991731,0.6502775574940524,0.6344249809596344,0.6339144215530903,0.625090645395214,0.655145326001571,0.6397705862807125,0.011181680477724394,6,0.7288532916585271,0.7247605011053795,0.7396365121502961,0.7195558065123282,0.7334246039507138,0.7292461430754489,0.006922387501774822,0.5492297387809779,0.5579370395177495,0.535833891493637,0.5773610180843939,0.5589812332439679,0.5558685842241452,0.013574645380882308,16,0.6248534583821805,0.6588511137162955,0.606598559705242,0.6402612627700552,0.6279303415941059,0.6316989472335759,0.017330008379712446,0.5954974582425563,0.5937277263007841,0.5807622504537205,0.6002785515320335,0.603254972875226,0.5947041918808641,0.007747900727832036,16,0.6728584310189359,0.690235985612773,0.666543982333456,0.6775965969514357,0.6765899864682002,0.6767649964769602,0.007770715796489293
4.34960036277771,1.1711223503804238,0.24940075874328613,0.08877953492348362,10,20,,entropy,balanced,0.0001,"{'model__min_samples_split': 10, 'model__min_samples_leaf': 20, 'model__max_depth': None, 'model__criterion': 'entropy', 'model__class_weight': 'balanced', 'model__ccp_alpha': 0.0001}",0.6399542778642522,0.6360879344646682,0.6184163225635912,0.6362669088075434,0.6487509948360793,0.6358952877072268,0.009873540847998137,13,0.7889510971934124,0.7984472981534497,0.795640651130203,0.7926559842064712,0.7899292568499249,0.7931248575066923,0.003535804657394288,0.8485044821133997,0.8534641890533917,0.8464628122186331,0.849607394598349,0.8469981864226038,0.8490074128812755,0.0024894880903908,17,0.9257002567105641,0.9279134056659772,0.9272224293785651,0.9265231085015511,0.9259794766144169,0.926667735374215,0.0008111734625338859,0.7647058823529411,0.7714561234329798,0.7542590806814529,0.7693667630986821,0.7664362642661952,0.7652448227664503,0.005966023245801515,21,0.8173745328886567,0.8192228874512798,0.8165709004701249,0.8162896291236389,0.8201542912246866,0.8179224482316773,0.001514282412482903,0.7709607547564252,0.7747139431394581,0.7670674184468664,0.7873185459684491,0.7681514351298843,0.7736424194882165,0.007331541067053034,11,0.845480356898053,0.8467535641977743,0.8483327235511571,0.8488353600164948,0.8457084637025369,0.8470220936732031,0.0013550180494411829,0.5062797747942832,0.5157010172490049,0.4925,0.5121035058430717,0.5086168802474591,0.5070402356267637,0.007938871514403232,21,0.5765349935594676,0.5793787748058671,0.5743600592341865,0.5737480231945177,0.5813751087902524,0.5770793919168582,0.002916487699319011,0.7829872739450771,0.7809778968519759,0.7916945746818487,0.8218352310783658,0.7714477211796247,0.7897885395473785,0.01726785258747665,11,0.8995143192095126,0.8996817953441635,0.9093954111539105,0.9114051247697204,0.8948425987943738,0.9029678498543362,0.006344223911615018,0.6149395055234087,0.6212040490143846,0.6072437708707937,0.6310105425559269,0.6130492676431425,0.6174894271215313,0.008097031144258898,12,0.7026885589062603,0.7048481270091189,0.7040518638573744,0.7041925465838509,0.7048272223687682,0.7041216637450745,0.000786034061051214
2.8743033409118652,0.07905631612803637,0.30499973297119143,0.02277745670955355,10,5,8,entropy,,0.0001,"{'model__min_samples_split': 10, 'model__min_samples_leaf': 5, 'model__max_depth': 8, 'model__criterion': 'entropy', 'model__class_weight': None, 'model__ccp_alpha': 0.0001}",0.6522757247262575,0.6411378482726002,0.6373743656463076,0.6511858426209054,0.6520534764487744,0.6468054515429691,0.006288411375346324,8,0.7105552332243038,0.714274941770909,0.7085436132919825,0.7121981906085939,0.7081143402159639,0.7107372638223506,0.0022967123622878887,0.8700587233267477,0.8608595239049588,0.8629929733413007,0.8648106473332873,0.8700257013226813,0.8657495138457951,0.003721479630225532,10,0.8986523872927934,0.8993954895974796,0.8990521883117382,0.8988592401513215,0.8988963058663698,0.8989711222439405,0.00024753440980289083,0.8280295724847316,0.8241722918675667,0.8261009321761491,0.8280295724847316,0.827037453785565,0.8266739645597487,0.001441818468552867,2,0.8381082492867762,0.8410415076144172,0.8383895206332623,0.8420862297585084,0.8405657344905175,0.8400382483566965,0.00154416308061403,0.7044524550106743,0.7470605406466521,0.7086836618394121,0.7154524030305944,0.753875820120788,0.7259049761296243,0.020474211272935364,19,0.7207843257282972,0.7766956126387854,0.7216570192881581,0.7304497244187109,0.7711939569403816,0.7441561278028667,0.02461779351507814,0.717816683831102,0.6436285097192225,0.6993210475266731,0.6982193064667291,0.6471004243281471,0.6812171943743748,0.030110487061971326,2,0.7444612286002014,0.6742175341518243,0.7442968162446728,0.7477543092983734,0.6784823655147845,0.7178424507619713,0.03392775184919632,0.46684527796383124,0.5987943737441394,0.48292029470864034,0.49899531145344944,0.6132707774798928,0.5321652070699907,0.06133442085865014,20,0.49522693016245184,0.652989449003517,0.4972366437782616,0.5158264947245017,0.6378097789685198,0.5598178593274504,0.07040926285895314,0.5657467532467533,0.6204024982650936,0.5713153724247226,0.58203125,0.6297315898141775,0.5938454927501494,0.026190869858509883,18,0.5947903047370009,0.6634337246894674,0.5961847389558232,0.6105054509415263,0.6575176937683411,0.6244863826184318,0.029954196690213417
2.7747171401977537,0.06976944811385039,0.3025998115539551,0.03514893706194835,30,1,8,entropy,,0.0,"{'model__min_samples_split': 30, 'model__min_samples_leaf': 1, 'model__max_depth': 8, 'model__criterion': 'entropy', 'model__class_weight': None, 'model__ccp_alpha': 0.0}",0.6449637631329584,0.6377427951982897,0.6356994816544207,0.6450761144276252,0.6573476396330756,0.6441659588092739,0.007591572307713488,9,0.7110242507286632,0.7125073729986683,0.7085084649969161,0.7100406054354872,0.7077361544680855,0.7099633697255641,0.0017135123042322457,0.8711767907668647,0.8634234023950778,0.863081566093238,0.864628646236182,0.8755441724298818,0.8675709155842488,0.0049515297430672645,7,0.8986615818352884,0.8985938512141171,0.8989949537234293,0.8980842336252767,0.898550795904253,0.8985770832604729,0.0002917631523125399,0.8273866923818708,0.8235294117647058,0.8257794921247188,0.8257794921247188,0.8284841665327117,0.8261918509857452,0.0016799415939265543,3,0.8386306103588219,0.8410415076144172,0.8391931530517941,0.8416040503073894,0.8409675345548056,0.8402873711774458,0.0011582018505709927,0.7035712014494369,0.7461792870854147,0.7087013662262901,0.7171804928249785,0.7557449556866904,0.7262754606545622,0.020840652892299884,18,0.7211852555909282,0.7759506422084694,0.7233890860523828,0.7342585226990013,0.7714582834364696,0.7452483579974503,0.023694841609833005,0.7157569515962925,0.6421886249100072,0.6975845410628019,0.6844003606853021,0.6503892427459307,0.6780639442000668,0.027910192822920437,3,0.7467811158798283,0.6750043425395171,0.7454500124657193,0.7373099415204678,0.6796930763740185,0.7168476977559102,0.03244730378018309,0.4655056932350971,0.5974547890154053,0.4835900870730074,0.5083724045545881,0.6159517426273459,0.5341749433010887,0.061043997856760096,19,0.4953944062971027,0.6508122592530564,0.5007536426059287,0.5278847764193603,0.6378097789685198,0.5625309727087935,0.06780059027370675,0.5641233766233766,0.6190145732130465,0.5712025316455697,0.5833973866256725,0.6327022375215147,0.594088021125836,0.027012241379548472,17,0.5956504228755538,0.66268758526603,0.5990783410138248,0.6152644934608628,0.6580856945404284,0.62615330743134,0.02876274272667282
2.6043041229248045,0.09845991614918329,0.28780035972595214,0.08258540847762742,2,5,8,gini,balanced,0.001,"{'model__min_samples_split': 2, 'model__min_samples_leaf': 5, 'model__max_depth': 8, 'model__criterion': 'gini', 'model__class_weight': 'balanced', 'model__ccp_alpha': 0.001}",0.5960523022025932,0.6014707395002218,0.5977234923778255,0.61188340064478,0.6325422893202097,0.607934444809126,0.01347863948972773,17,0.6018104581356605,0.616730880623311,0.6219546944953771,0.6118447522143586,0.6133971622678525,0.613147589547312,0.006643723245373755,0.8637937073510172,0.8629367442085764,0.8596425243509679,0.8650951922391898,0.8746807531193361,0.8652297842538175,0.005057207732518628,11,0.867504008678869,0.8700381874981209,0.8714780431137896,0.8691444000552612,0.8684635138080763,0.8693256306308234,0.0013590447571280322,0.7788492446158791,0.7770813243330119,0.764545162327226,0.7727418836387013,0.7744735573058994,0.7735382344441435,0.004962754569107987,13,0.7843452404870013,0.771004942339374,0.7777554546550408,0.7804074416361956,0.7676792028286724,0.7762384563892567,0.0061000354254663915,0.7949316447786152,0.7958310984495631,0.7919382578628369,0.7973305183830315,0.8062407414861357,0.7972544521920364,0.004825815447041582,3,0.8007159409975451,0.8009372519089322,0.8066386562329755,0.8020796151583292,0.7977812366641706,0.8016305401923904,0.0028780956406817488,0.524904214559387,0.5222876366694701,0.5056134723336007,0.5161686451084732,0.5178071228491397,0.5173562183040141,0.0066452518762726035,13,0.5323548317977287,0.513627254509018,0.5223214285714286,0.5264367816091954,0.5094715852442672,0.5208423763463276,0.008335160102411853,0.825853985264568,0.8318821165438715,0.8446081714668453,0.8446081714668453,0.8672922252010724,0.8428489339886405,0.01423210234157931,8,0.8321889130798861,0.8584826662200636,0.8621671411823815,0.8437447663707922,0.8556597454789016,0.850448646466405,0.011021651567815918,0.6418532014575742,0.6416946525445621,0.6325558063707047,0.6407520325203252,0.6484590328238536,0.641062945143404,0.005063472109468276,1,0.6493302842208428,0.6427183248699141,0.6505338977696342,0.648349527057461,0.6386701662292213,0.6459204400294147,0.004508469922111133
1.1814005851745606,0.06294379352391961,0.26079955101013186,0.04522553777518756,10,10,4,gini,,0.0001,"{'model__min_samples_split': 10, 'model__min_samples_leaf': 10, 'model__max_depth': 4, 'model__criterion': 'gini', 'model__class_weight': None, 'model__ccp_alpha': 0.0001}",0.6116085947859653,0.5977897798312524,0.5925083324365186,0.6071226201653499,0.6212311753280817,0.6060521005094335,0.010140261830258263,18,0.6174063702728667,0.6122411832944205,0.614718507909283,0.6096992539433606,0.6055866389455402,0.6119303908730942,0.004076216369157529,0.8653230831070832,0.860659747603428,0.857046282241636,0.8621964175668875,0.8706237311619538,0.8631698523361976,0.004581332208524675,12,0.8669021357864202,0.8666870844239438,0.8682104788992289,0.8648782341548684,0.864867597919777,0.8663091062368476,0.0012833636040506108,0.8240115718418515,0.8199935711989714,0.8183863709418193,0.8256187720990036,0.8281626748111236,0.8232345921785539,0.003593980408241161,4,0.8242455900671033,0.826134126250653,0.8258930365250934,0.8236026841322779,0.8243731918997107,0.8248497257749676,0.0009884694481525614,0.6841634401011728,0.6810618439727965,0.6756503918972262,0.6971373564404382,0.6887809913958537,0.6853588047614976,0.007274499158674476,24,0.6897743920455175,0.6895840911342157,0.6846118401483678,0.6868873366899626,0.6893283939982412,0.688037210803261,0.0020066472569726128,0.7363420427553444,0.7161066048667439,0.7173652694610778,0.717948717948718,0.7539015606242497,0.7283328391312268,0.014802062173717335,1,0.7247396566282015,0.7378472222222222,0.7486338797814208,0.726959517657192,0.7267063154913622,0.7329773183560798,0.009080114010900153,0.41527126590756863,0.41393168117883455,0.4012056262558607,0.45010046885465504,0.42091152815013405,0.4202841140694106,0.016241178582128736,24,0.4312510467258416,0.42706414335957127,0.41299614804890306,0.42404957293585666,0.42967180174146014,0.42500654256232656,0.006483171503693666,0.5310492505353319,0.5246179966044142,0.5146048109965635,0.553314121037464,0.5402150537634408,0.5327602465874428,0.013242956533263867,24,0.5407391852162957,0.5409992574519996,0.5323259579060983,0.535646287285805,0.5400399873724087,0.5379501350465216,0.00341708981586788
2.527000617980957,0.38945159041157046,0.2442000389099121,0.05594762383157062,2,20,8,entropy,balanced,0.0,"{'model__min_samples_split': 2, 'model__min_samples_leaf': 20, 'model__max_depth': 8, 'model__criterion': 'entropy', 'model__class_weight': 'balanced', 'model__ccp_alpha': 0.0}",0.6623960135742579,0.6556573320602095,0.6432783158869636,0.6602453958826671,0.6781284879940302,0.6599411090796256,0.011250771714383885,3,0.7014282910233531,0.7060909092782406,0.7011357096258074,0.7056936349726741,0.6895851263465236,0.7007867342493197,0.005970282170249098,0.871807987567838,0.8694240564659466,0.8666678375167856,0.866736388902777,0.8776935082546402,0.8704659557415975,0.004085571923413221,5,0.8962254840384337,0.8969638540533137,0.8968942331723228,0.8963992108683194,0.8938900231105984,0.8960745610485976,0.0011281033370674307,0.7635808421729348,0.7872066859530698,0.7565091610414658,0.7585985213757634,0.7654717891014307,0.7662733999289328,0.010957545645023822,19,0.7817736167476996,0.794029011130309,0.7812110740547273,0.7769920038574356,0.769808743169399,0.7807628897919141,0.007892088727783145,0.7892413840184908,0.7953879930547815,0.7880267214435676,0.7942136964819401,0.8051370189186906,0.7944013627834942,0.006058455308973201,6,0.8150124629655161,0.8136190271729586,0.8193987555414715,0.8160502731553818,0.8131039763061483,0.8154368990282951,0.0022360620444029718,0.5044319097502015,0.5375055481580115,0.4956964006259781,0.4982591876208897,0.5063534847901425,0.5084493061890447,0.015041756915836854,19,0.5271193250301326,0.5453277545327755,0.5259471191791634,0.5205948537325115,0.5116123482748733,0.5261202801498912,0.011054099438196793,0.8385800401875418,0.8111185532484929,0.8486269256530475,0.8626925653047556,0.881367292225201,0.8484770753238078,0.02356896032700877,7,0.8789147546474627,0.8512811924300787,0.8928152738234801,0.891140512476972,0.8963496316141996,0.8821002729984386,0.01648966129254266,0.629937106918239,0.6465563267485318,0.625833539145468,0.6316821971554684,0.6431890437759844,0.6354396427487383,0.008003841625387429,8,0.6590067181515665,0.664792048129741,0.6619482212702552,0.6572381422924901,0.651414663827198,0.6588799587342502,0.004534518568441373
2.561200714111328,0.11895750418794614,0.27379913330078126,0.019548853795355453,30,1,8,entropy,balanced,0.0001,"{'model__min_samples_split': 30, 'model__min_samples_leaf': 1, 'model__max_depth': 8, 'model__criterion': 'entropy', 'model__class_weight': 'balanced', 'model__ccp_alpha': 0.0001}",0.6584900702979974,0.6443876736826424,0.6422652906846474,0.6501295608604803,0.6570774809186403,0.6504700152888816,0.00651779378105534,6,0.7022144963513024,0.7087768439490201,0.7022144214689914,0.7092820589745645,0.6944197069087881,0.7033815055305335,0.0054215134005865424,0.8687224670227468,0.8615836333282675,0.865654580046986,0.8627407212370637,0.8738968443526538,0.8665196491975437,0.004442258627209886,8,0.8974561405714425,0.899131092271984,0.8978263658858091,0.8980992494597221,0.8967724610599093,0.8978570618497734,0.0007771547261809239,0.7610093217614915,0.7814207650273224,0.7529733204757313,0.7544198007071681,0.7645073139366662,0.7628661043816758,0.010194350017032313,24,0.7784787238317193,0.7911761160445212,0.7804878048780488,0.7743801984972074,0.7743892639022822,0.7797824214307557,0.006169013388539247,0.7921330061184945,0.7924983538461081,0.7850131515267484,0.7921521976738701,0.8028969050131043,0.7929387228356649,0.005717373504629878,10,0.815309118659409,0.8165559641389293,0.8202982978737119,0.8171401163989238,0.8162318811534253,0.8171070756448797,0.0017021944434574103,0.5011820330969267,0.5289508053983457,0.49144634525660963,0.49331295376385176,0.5052143684820394,0.5040213011995546,0.013444428245689071,24,0.5226195179770842,0.5404811715481171,0.5248970790041169,0.5171417565485362,0.5172413793103449,0.5244761808776398,0.00855476724030196,0.8519758874748827,0.8137977227059612,0.8466175485599464,0.8647019423978567,0.8766756032171582,0.8507537408711612,0.021217183041568274,5,0.8861162284374476,0.865349187740747,0.8968347010550997,0.8993468430748618,0.8966845277963831,0.8888662976209079,0.012610149459927295,0.6311089059786653,0.6411609498680739,0.6218942189421894,0.6282238442822384,0.64101935800049,0.6326814554143315,0.007485053442238122,10,0.6574712643678161,0.6653789195801945,0.6622148024485254,0.6566799143992663,0.6560490045941807,0.6595587810779966,0.003630222914395339
4.973600053787232,0.10090448063336838,0.27700071334838866,0.02214516763057914,10,10,,gini,balanced,0.0001,"{'model__min_samples_split': 10, 'model__min_samples_leaf': 10, 'model__max_depth': None, 'model__criterion': 'gini', 'model__class_weight': 'balanced', 'model__ccp_alpha': 0.0001}",0.6428188101569602,0.6314919644910816,0.632698813742224,0.6332850201669905,0.6467637898538996,0.6374116796822312,0.0061803313293269345,12,0.7336743263372664,0.7444551028173785,0.7430900345020749,0.7496274403553449,0.7318719835020813,0.7405437775028292,0.006733263573454935,0.8362552417378228,0.8313756294440666,0.8371037775921099,0.8327768254391361,0.8366658550260585,0.8348354658478389,0.002311700437510558,20,0.920751733576316,0.9247444182796678,0.9245835337067767,0.9257973549749284,0.9215128545533631,0.9234779790182103,0.001974829246935787,0.7627772420443587,0.7692060430729669,0.7613307618129219,0.7688846030215365,0.7596849381128435,0.7643767176129256,0.003936810357728169,22,0.8279422991923494,0.8354160806846949,0.833929360710411,0.836862619038052,0.8278286724525876,0.832395806415619,0.003797859914831852,0.777254451838898,0.7670462440001604,0.7682820810217896,0.7762305717369717,0.7703630613005034,0.7718352819796647,0.004157247396011922,12,0.8624032864278566,0.8665174834070603,0.8660552241309842,0.866151034185495,0.8660539024930185,0.8654361861288831,0.001526006140150683,0.5035609551738583,0.5128320576316975,0.501719690455718,0.5119305856832972,0.4993652137113838,0.505881700531191,0.005478489988355779,22,0.5898308690564833,0.6020463698704691,0.599437351222679,0.6049423393739704,0.5884635553224961,0.5969440969692195,0.006614211745275701,0.8050904219691896,0.7628935030140657,0.781647689216343,0.7903549899531145,0.7908847184986595,0.7861742645302744,0.013856201461804461,12,0.928655166638754,0.9263105007536426,0.9278177859654999,0.922458549656674,0.9395512391158741,0.9289586484260889,0.00570719924267205,0.6195876288659794,0.613354873451804,0.6111547525530243,0.6213796735123749,0.6121919584954605,0.6155337773757286,0.004140034968005356,13,0.7214415820973198,0.7297796543079562,0.7283244593439822,0.7306977978243566,0.7236731798542594,0.7267833346855748,0.0036023159757573864
2.0742007732391357,0.06469691747523092,0.2702004432678223,0.012512329237801977,2,20,8,gini,,0.0,"{'model__min_samples_split': 2, 'model__min_samples_leaf': 20, 'model__max_depth': 8, 'model__criterion': 'gini', 'model__class_weight': None, 'model__ccp_alpha': 0.0}",0.6701702072420153,0.6546908749575201,0.6484083226686487,0.6618900351670305,0.675837804977627,0.6621994490025683,0.009962001076930845,1,0.707525947791183,0.7067033071968145,0.7036605707122365,0.7059231504414779,0.6990259601103478,0.704567787250412,0.003055586965008379,0.8713374049646216,0.8698267958586464,0.8689395936234179,0.8715825044965602,0.872527236258849,0.870842707040419,0.0012871348963716194,3,0.8967415559570561,0.8973864001658256,0.8970738211357007,0.895545596980174,0.8959035386041323,0.8965301825685777,0.0006979142660707587,0.8297974927675988,0.8240115718418515,0.8220829315332691,0.8307618129218901,0.8302523710014467,0.8273812360132112,0.0036037946681021444,1,0.8394342427773537,0.8397155141238397,0.8387913368425283,0.8390324265680877,0.8380745740919319,0.8390096188807483,0.0005658744637623175,0.7486986213381486,0.7467256444644685,0.7525610103794447,0.7209164725439661,0.7589725026744456,0.7455748502800947,0.013018612737685486,13,0.7641772231111117,0.7767402218851608,0.7700005912484813,0.72763856720041,0.7707009605833779,0.7618515128057084,0.01756319127553134,0.6624251497005988,0.6433717579250721,0.6320109439124487,0.7033271719038817,0.6535211267605634,0.658931230040513,0.024410142661420497,4,0.6820947814862622,0.6694596443228454,0.6731483118260562,0.7357811375089993,0.6698740377886634,0.6860715825865653,0.025267301696401876,0.5927662424648359,0.5981245813797723,0.6188881446751507,0.5097119892833222,0.6219839142091153,0.5882949744024393,0.040896908671142804,13,0.6194942220733546,0.6556690671579299,0.6377491207502931,0.5134818288393904,0.641158740790355,0.6135105959222645,0.05132410880560945,0.6256627783669141,0.6199236376258244,0.6253807106598985,0.5910679611650486,0.6373626373626373,0.6198795450360646,0.015488553435311058,11,0.6492890995260664,0.6624925966663846,0.6549707602339181,0.6048530282106924,0.655201916495551,0.6453614802265225,0.02068336760192796
1.7825994491577148,0.26700637791130655,0.1270009994506836,0.008785298416585718,30,1,8,entropy,balanced,0.001,"{'model__min_samples_split': 30, 'model__min_samples_leaf': 1, 'model__max_depth': 8, 'model__criterion': 'entropy', 'model__class_weight': 'balanced', 'model__ccp_alpha': 0.001}",0.6463578591114447,0.6410165139531834,0.6285754814313534,0.6396928667836821,0.6647243217697798,0.6440734086098886,0.011835526409044457,10,0.6471126740501069,0.666108627497869,0.6526914745049737,0.6498380139908317,0.6519701863561921,0.6535441952799947,0.006575254198106121,0.8772460670412727,0.8733537929949265,0.8681893525250776,0.8734805564049727,0.8807280898137497,0.874599571756,0.004206132226761293,2,0.8793287171211217,0.881295295627605,0.8805091201893243,0.8814183971382935,0.8795305437498768,0.8804164147652441,0.0008663542188593647,0.7640630022500804,0.7730633236901318,0.7606878817100611,0.7651880424300868,0.7743128114451053,0.7674630123050931,0.005308882872206143,17,0.7704423996464017,0.7657411499979909,0.7751436492948125,0.7700807650580624,0.7715364834458374,0.7705888894886209,0.0030141001668713275,0.8010168550012131,0.7989169730823917,0.7905465514191341,0.8008403068552661,0.8077407412026756,0.7998122855121361,0.005514048200766262,2,0.8071573178518191,0.7997094861011276,0.8072127507170681,0.8045125964612424,0.8038135461787772,0.8044811394620069,0.0027509626298399667,0.504846839860411,0.5165103954341622,0.5007911392405063,0.5062402496099844,0.5175019888623708,0.5091781226014869,0.006645021778994797,17,0.5126173708920188,0.5069192266169399,0.5187481251874813,0.512267218445167,0.5142203659506762,0.5129544614184567,0.0037994485439334937,0.8720696584058941,0.8486269256530475,0.8479571332886805,0.869390488948426,0.8719839142091153,0.8620056241010327,0.011240435534725647,1,0.877742421704907,0.8650142354714453,0.868866186568414,0.8707084240495729,0.865874079035499,0.8696410693659675,0.004538048195591199,0.6394891944990176,0.6421692853522555,0.629694105943795,0.6398816859748583,0.6495257114328508,0.6401519966405556,0.006353201320812254,3,0.6472368014819389,0.6392326732673267,0.6496368645128976,0.6450372208436724,0.6452458198153231,0.6452778759842317,0.0034479439810335224
